,Date,State_ID,State_Size,Production
1816,2012-01-01,Alaska,1,10262
2050,2010-12-01,Alaska,1,10214
1852,2011-11-01,Alaska,1,10087
70,2020-02-01,Alaska,1,10048
304,2019-01-01,Alaska,1,10009
88,2020-01-01,Alaska,1,9987
1798,2012-02-01,Alaska,1,9980
1834,2011-12-01,Alaska,1,9979
754,2016-12-01,Alaska,1,9952
700,2017-03-01,Alaska,1,9939
1780,2012-03-01,Alaska,1,9939
1402,2013-12-01,Alaska,1,9935
1384,2014-01-01,Alaska,1,9882
1600,2013-01-01,Alaska,1,9846
322,2018-12-01,Alaska,1,9828
718,2017-02-01,Alaska,1,9823
1618,2012-12-01,Alaska,1,9821
970,2015-12-01,Alaska,1,9808
772,2016-11-01,Alaska,1,9805
1996,2011-03-01,Alaska,1,9800
2014,2011-02-01,Alaska,1,9761
1186,2014-12-01,Alaska,1,9730
736,2017-01-01,Alaska,1,9726
340,2018-11-01,Alaska,1,9694
1132,2015-03-01,Alaska,1,9677
106,2019-12-01,Alaska,1,9668
988,2015-11-01,Alaska,1,9659
1366,2014-02-01,Alaska,1,9653
250,2019-04-01,Alaska,1,9651
1348,2014-03-01,Alaska,1,9645
952,2016-01-01,Alaska,1,9639
1582,2013-02-01,Alaska,1,9609
1636,2012-11-01,Alaska,1,9604
502,2018-02-01,Alaska,1,9593
124,2019-11-01,Alaska,1,9577
520,2018-01-01,Alaska,1,9573
682,2017-04-01,Alaska,1,9565
286,2019-02-01,Alaska,1,9554
484,2018-03-01,Alaska,1,9542
2068,2010-11-01,Alaska,1,9534
916,2016-03-01,Alaska,1,9524
538,2017-12-01,Alaska,1,9523
1978,2011-04-01,Alaska,1,9519
52,2020-03-01,Alaska,1,9501
1114,2015-04-01,Alaska,1,9490
1564,2013-03-01,Alaska,1,9473
2086,2010-10-01,Alaska,1,9442
466,2018-04-01,Alaska,1,9424
934,2016-02-01,Alaska,1,9424
556,2017-11-01,Alaska,1,9420
1168,2015-01-01,Alaska,1,9417
1204,2014-11-01,Alaska,1,9412
1546,2013-04-01,Alaska,1,9401
1654,2012-10-01,Alaska,1,9341
1420,2013-11-01,Alaska,1,9335
34,2020-04-01,Alaska,1,9277
664,2017-05-01,Alaska,1,9248
1330,2014-04-01,Alaska,1,9240
232,2019-05-01,Alaska,1,9220
268,2019-03-01,Alaska,1,9207
574,2017-10-01,Alaska,1,9135
1762,2012-04-01,Alaska,1,9127
448,2018-05-01,Alaska,1,9121
1150,2015-02-01,Alaska,1,9089
16,2020-05-01,Alaska,1,9088
1744,2012-05-01,Alaska,1,9072
1006,2015-10-01,Alaska,1,9014
1870,2011-10-01,Alaska,1,8824
2104,2010-09-01,Alaska,1,8809
790,2016-10-01,Alaska,1,8772
1222,2014-10-01,Alaska,1,8757
358,2018-10-01,Alaska,1,8744
1888,2011-09-01,Alaska,1,8726
1024,2015-09-01,Alaska,1,8705
142,2019-10-01,Alaska,1,8691
1960,2011-05-01,Alaska,1,8688
880,2016-05-01,Alaska,1,8684
1240,2014-09-01,Alaska,1,8662
376,2018-09-01,Alaska,1,8520
592,2017-09-01,Alaska,1,8512
1312,2014-05-01,Alaska,1,8466
214,2019-06-01,Alaska,1,8460
1096,2015-05-01,Alaska,1,8431
1438,2013-10-01,Alaska,1,8431
1528,2013-05-01,Alaska,1,8420
1294,2014-06-01,Alaska,1,8415
1726,2012-06-01,Alaska,1,8384
808,2016-09-01,Alaska,1,8309
646,2017-06-01,Alaska,1,8294
1942,2011-06-01,Alaska,1,8282
1456,2013-09-01,Alaska,1,8251
898,2016-04-01,Alaska,1,8204
160,2019-09-01,Alaska,1,8089
826,2016-08-01,Alaska,1,8077
2176,2010-05-01,Alaska,1,8009
394,2018-08-01,Alaska,1,7835
1510,2013-06-01,Alaska,1,7810
1492,2013-07-01,Alaska,1,7804
862,2016-06-01,Alaska,1,7794
844,2016-07-01,Alaska,1,7724
1672,2012-09-01,Alaska,1,7666
2158,2010-06-01,Alaska,1,7666
2032,2011-01-01,Alaska,1,7663
430,2018-06-01,Alaska,1,7634
196,2019-07-01,Alaska,1,7570
412,2018-07-01,Alaska,1,7550
1474,2013-08-01,Alaska,1,7461
1078,2015-06-01,Alaska,1,7434
178,2019-08-01,Alaska,1,7235
610,2017-08-01,Alaska,1,7148
1060,2015-07-01,Alaska,1,7140
1906,2011-08-01,Alaska,1,6793
2140,2010-07-01,Alaska,1,6641
1708,2012-07-01,Alaska,1,6637
628,2017-07-01,Alaska,1,6636
2122,2010-08-01,Alaska,1,6593
1042,2015-08-01,Alaska,1,6583
1276,2014-07-01,Alaska,1,6296
1258,2014-08-01,Alaska,1,6140
1924,2011-07-01,Alaska,1,6032
1690,2012-08-01,Alaska,1,4023
1833,2011-12-01,Arkansas,1,3238
1635,2012-11-01,Arkansas,1,3235
1653,2012-10-01,Arkansas,1,3212
1617,2012-12-01,Arkansas,1,3209
1671,2012-09-01,Arkansas,1,3202
1689,2012-08-01,Arkansas,1,3173
1419,2013-11-01,Arkansas,1,3172
1437,2013-10-01,Arkansas,1,3172
1599,2013-01-01,Arkansas,1,3153
1851,2011-11-01,Arkansas,1,3153
1869,2011-10-01,Arkansas,1,3141
1473,2013-08-01,Arkansas,1,3138
1527,2013-05-01,Arkansas,1,3125
1761,2012-04-01,Arkansas,1,3125
1455,2013-09-01,Arkansas,1,3122
1509,2013-06-01,Arkansas,1,3122
1311,2014-05-01,Arkansas,1,3121
1887,2011-09-01,Arkansas,1,3118
1347,2014-03-01,Arkansas,1,3114
1329,2014-04-01,Arkansas,1,3113
1491,2013-07-01,Arkansas,1,3112
1365,2014-02-01,Arkansas,1,3099
1545,2013-04-01,Arkansas,1,3098
1725,2012-06-01,Arkansas,1,3097
1743,2012-05-01,Arkansas,1,3094
1779,2012-03-01,Arkansas,1,3091
1815,2012-01-01,Arkansas,1,3091
1401,2013-12-01,Arkansas,1,3090
1581,2013-02-01,Arkansas,1,3090
1707,2012-07-01,Arkansas,1,3089
1905,2011-08-01,Arkansas,1,3088
1941,2011-06-01,Arkansas,1,3088
1203,2014-11-01,Arkansas,1,3083
1275,2014-07-01,Arkansas,1,3080
1563,2013-03-01,Arkansas,1,3072
1239,2014-09-01,Arkansas,1,3070
1293,2014-06-01,Arkansas,1,3067
1383,2014-01-01,Arkansas,1,3060
1221,2014-10-01,Arkansas,1,3046
1257,2014-08-01,Arkansas,1,3045
1185,2014-12-01,Arkansas,1,3019
1797,2012-02-01,Arkansas,1,2953
1113,2015-04-01,Arkansas,1,2909
1167,2015-01-01,Arkansas,1,2907
1095,2015-05-01,Arkansas,1,2884
1131,2015-03-01,Arkansas,1,2868
1959,2011-05-01,Arkansas,1,2868
1977,2011-04-01,Arkansas,1,2845
1923,2011-07-01,Arkansas,1,2837
1077,2015-06-01,Arkansas,1,2804
1149,2015-02-01,Arkansas,1,2794
2049,2010-12-01,Arkansas,1,2789
1059,2015-07-01,Arkansas,1,2751
1995,2011-03-01,Arkansas,1,2717
2067,2010-11-01,Arkansas,1,2716
1023,2015-09-01,Arkansas,1,2708
2085,2010-10-01,Arkansas,1,2706
1041,2015-08-01,Arkansas,1,2700
2103,2010-09-01,Arkansas,1,2686
1005,2015-10-01,Arkansas,1,2677
2013,2011-02-01,Arkansas,1,2664
2121,2010-08-01,Arkansas,1,2660
987,2015-11-01,Arkansas,1,2633
2031,2011-01-01,Arkansas,1,2627
969,2015-12-01,Arkansas,1,2586
2139,2010-07-01,Arkansas,1,2582
2157,2010-06-01,Arkansas,1,2517
951,2016-01-01,Arkansas,1,2503
933,2016-02-01,Arkansas,1,2471
2175,2010-05-01,Arkansas,1,2471
915,2016-03-01,Arkansas,1,2395
897,2016-04-01,Arkansas,1,2350
879,2016-05-01,Arkansas,1,2308
861,2016-06-01,Arkansas,1,2236
843,2016-07-01,Arkansas,1,2194
825,2016-08-01,Arkansas,1,2160
807,2016-09-01,Arkansas,1,2133
789,2016-10-01,Arkansas,1,2120
771,2016-11-01,Arkansas,1,2094
753,2016-12-01,Arkansas,1,2035
717,2017-02-01,Arkansas,1,1996
735,2017-01-01,Arkansas,1,1987
681,2017-04-01,Arkansas,1,1978
699,2017-03-01,Arkansas,1,1977
663,2017-05-01,Arkansas,1,1954
645,2017-06-01,Arkansas,1,1932
627,2017-07-01,Arkansas,1,1885
609,2017-08-01,Arkansas,1,1871
591,2017-09-01,Arkansas,1,1848
573,2017-10-01,Arkansas,1,1833
555,2017-11-01,Arkansas,1,1811
537,2017-12-01,Arkansas,1,1774
465,2018-04-01,Arkansas,1,1695
519,2018-01-01,Arkansas,1,1655
501,2018-02-01,Arkansas,1,1650
447,2018-05-01,Arkansas,1,1646
483,2018-03-01,Arkansas,1,1631
429,2018-06-01,Arkansas,1,1627
393,2018-08-01,Arkansas,1,1599
411,2018-07-01,Arkansas,1,1594
375,2018-09-01,Arkansas,1,1588
357,2018-10-01,Arkansas,1,1585
339,2018-11-01,Arkansas,1,1575
321,2018-12-01,Arkansas,1,1555
303,2019-01-01,Arkansas,1,1543
285,2019-02-01,Arkansas,1,1518
267,2019-03-01,Arkansas,1,1511
249,2019-04-01,Arkansas,1,1498
231,2019-05-01,Arkansas,1,1462
213,2019-06-01,Arkansas,1,1438
195,2019-07-01,Arkansas,1,1428
177,2019-08-01,Arkansas,1,1416
159,2019-09-01,Arkansas,1,1406
123,2019-11-01,Arkansas,1,1403
141,2019-10-01,Arkansas,1,1402
105,2019-12-01,Arkansas,1,1394
87,2020-01-01,Arkansas,1,1374
69,2020-02-01,Arkansas,1,1361
15,2020-05-01,Arkansas,1,1338
33,2020-04-01,Arkansas,1,1337
51,2020-03-01,Arkansas,1,1330
2174,2010-05-01,California,1,906
2156,2010-06-01,California,1,895
2138,2010-07-01,California,1,883
2102,2010-09-01,California,1,857
2066,2010-11-01,California,1,849
2120,2010-08-01,California,1,848
2084,2010-10-01,California,1,839
2048,2010-12-01,California,1,836
2012,2011-02-01,California,1,816
2030,2011-01-01,California,1,798
1976,2011-04-01,California,1,796
1994,2011-03-01,California,1,790
1940,2011-06-01,California,1,776
1958,2011-05-01,California,1,776
1922,2011-07-01,California,1,757
1904,2011-08-01,California,1,748
1850,2011-11-01,California,1,744
1886,2011-09-01,California,1,734
1832,2011-12-01,California,1,732
1148,2015-02-01,California,1,715
1868,2011-10-01,California,1,714
1166,2015-01-01,California,1,707
1652,2012-10-01,California,1,705
1472,2013-08-01,California,1,703
1544,2013-04-01,California,1,703
1490,2013-07-01,California,1,701
1454,2013-09-01,California,1,700
1508,2013-06-01,California,1,697
1796,2012-02-01,California,1,697
1382,2014-01-01,California,1,696
1562,2013-03-01,California,1,696
1364,2014-02-01,California,1,694
1580,2013-02-01,California,1,693
1526,2013-05-01,California,1,692
1742,2012-05-01,California,1,691
1112,2015-04-01,California,1,687
1130,2015-03-01,California,1,687
1688,2012-08-01,California,1,687
1814,2012-01-01,California,1,685
1094,2015-05-01,California,1,684
1418,2013-11-01,California,1,682
1436,2013-10-01,California,1,680
1616,2012-12-01,California,1,679
1598,2013-01-01,California,1,676
1400,2013-12-01,California,1,673
1724,2012-06-01,California,1,671
716,2017-02-01,California,1,670
1706,2012-07-01,California,1,670
1328,2014-04-01,California,1,667
1346,2014-03-01,California,1,667
1670,2012-09-01,California,1,666
1310,2014-05-01,California,1,663
1760,2012-04-01,California,1,663
1634,2012-11-01,California,1,655
1076,2015-06-01,California,1,652
1202,2014-11-01,California,1,646
626,2017-07-01,California,1,645
1184,2014-12-01,California,1,645
1220,2014-10-01,California,1,640
1256,2014-08-01,California,1,638
1292,2014-06-01,California,1,638
1274,2014-07-01,California,1,636
1238,2014-09-01,California,1,631
1040,2015-08-01,California,1,628
1778,2012-03-01,California,1,623
1058,2015-07-01,California,1,620
1022,2015-09-01,California,1,613
986,2015-11-01,California,1,600
1004,2015-10-01,California,1,598
968,2015-12-01,California,1,595
572,2017-10-01,California,1,591
950,2016-01-01,California,1,588
878,2016-05-01,California,1,584
932,2016-02-01,California,1,580
680,2017-04-01,California,1,576
644,2017-06-01,California,1,574
662,2017-05-01,California,1,574
590,2017-09-01,California,1,572
698,2017-03-01,California,1,571
914,2016-03-01,California,1,571
608,2017-08-01,California,1,566
842,2016-07-01,California,1,563
860,2016-06-01,California,1,560
500,2018-02-01,California,1,559
554,2017-11-01,California,1,559
824,2016-08-01,California,1,559
806,2016-09-01,California,1,558
338,2018-11-01,California,1,557
374,2018-09-01,California,1,557
428,2018-06-01,California,1,557
410,2018-07-01,California,1,556
446,2018-05-01,California,1,556
536,2017-12-01,California,1,556
482,2018-03-01,California,1,555
356,2018-10-01,California,1,554
392,2018-08-01,California,1,554
464,2018-04-01,California,1,553
320,2018-12-01,California,1,552
518,2018-01-01,California,1,552
284,2019-02-01,California,1,547
788,2016-10-01,California,1,545
896,2016-04-01,California,1,545
248,2019-04-01,California,1,544
770,2016-11-01,California,1,540
176,2019-08-01,California,1,539
266,2019-03-01,California,1,539
734,2017-01-01,California,1,538
194,2019-07-01,California,1,537
158,2019-09-01,California,1,534
212,2019-06-01,California,1,534
302,2019-01-01,California,1,534
230,2019-05-01,California,1,532
752,2016-12-01,California,1,530
140,2019-10-01,California,1,516
122,2019-11-01,California,1,514
104,2019-12-01,California,1,509
86,2020-01-01,California,1,505
68,2020-02-01,California,1,497
32,2020-04-01,California,1,490
50,2020-03-01,California,1,488
14,2020-05-01,California,1,482
103,2019-12-01,Colorado,1,5780
121,2019-11-01,Colorado,1,5763
85,2020-01-01,Colorado,1,5751
49,2020-03-01,Colorado,1,5737
31,2020-04-01,Colorado,1,5727
67,2020-02-01,Colorado,1,5716
139,2019-10-01,Colorado,1,5635
211,2019-06-01,Colorado,1,5430
13,2020-05-01,Colorado,1,5414
247,2019-04-01,Colorado,1,5412
157,2019-09-01,Colorado,1,5399
175,2019-08-01,Colorado,1,5377
319,2018-12-01,Colorado,1,5369
229,2019-05-01,Colorado,1,5367
193,2019-07-01,Colorado,1,5365
301,2019-01-01,Colorado,1,5344
283,2019-02-01,Colorado,1,5323
265,2019-03-01,Colorado,1,5307
337,2018-11-01,Colorado,1,5263
355,2018-10-01,Colorado,1,5162
373,2018-09-01,Colorado,1,5102
1813,2012-01-01,Colorado,1,5076
391,2018-08-01,Colorado,1,5011
535,2017-12-01,Colorado,1,4975
445,2018-05-01,Colorado,1,4971
517,2018-01-01,Colorado,1,4957
481,2018-03-01,Colorado,1,4948
463,2018-04-01,Colorado,1,4947
499,2018-02-01,Colorado,1,4931
409,2018-07-01,Colorado,1,4897
553,2017-11-01,Colorado,1,4857
571,2017-10-01,Colorado,1,4851
427,2018-06-01,Colorado,1,4806
589,2017-09-01,Colorado,1,4778
1777,2012-03-01,Colorado,1,4740
1867,2011-10-01,Colorado,1,4736
1741,2012-05-01,Colorado,1,4729
1003,2015-10-01,Colorado,1,4719
607,2017-08-01,Colorado,1,4715
985,2015-11-01,Colorado,1,4701
769,2016-11-01,Colorado,1,4700
787,2016-10-01,Colorado,1,4692
1759,2012-04-01,Colorado,1,4685
1831,2011-12-01,Colorado,1,4683
1039,2015-08-01,Colorado,1,4678
1849,2011-11-01,Colorado,1,4671
1903,2011-08-01,Colorado,1,4668
1651,2012-10-01,Colorado,1,4665
949,2016-01-01,Colorado,1,4661
895,2016-04-01,Colorado,1,4641
967,2015-12-01,Colorado,1,4633
1795,2012-02-01,Colorado,1,4632
877,2016-05-01,Colorado,1,4630
751,2016-12-01,Colorado,1,4628
1147,2015-02-01,Colorado,1,4628
715,2017-02-01,Colorado,1,4624
1075,2015-06-01,Colorado,1,4622
1111,2015-04-01,Colorado,1,4622
1705,2012-07-01,Colorado,1,4617
1021,2015-09-01,Colorado,1,4616
733,2017-01-01,Colorado,1,4615
931,2016-02-01,Colorado,1,4615
1129,2015-03-01,Colorado,1,4615
913,2016-03-01,Colorado,1,4612
1669,2012-09-01,Colorado,1,4612
1255,2014-08-01,Colorado,1,4610
1219,2014-10-01,Colorado,1,4608
625,2017-07-01,Colorado,1,4604
2101,2010-09-01,Colorado,1,4600
697,2017-03-01,Colorado,1,4596
1633,2012-11-01,Colorado,1,4596
1723,2012-06-01,Colorado,1,4596
823,2016-08-01,Colorado,1,4588
1885,2011-09-01,Colorado,1,4578
1093,2015-05-01,Colorado,1,4574
1057,2015-07-01,Colorado,1,4569
1687,2012-08-01,Colorado,1,4564
643,2017-06-01,Colorado,1,4562
679,2017-04-01,Colorado,1,4556
805,2016-09-01,Colorado,1,4552
1183,2014-12-01,Colorado,1,4546
1201,2014-11-01,Colorado,1,4546
1309,2014-05-01,Colorado,1,4545
1165,2015-01-01,Colorado,1,4544
859,2016-06-01,Colorado,1,4531
2083,2010-10-01,Colorado,1,4527
1615,2012-12-01,Colorado,1,4525
1957,2011-05-01,Colorado,1,4525
2119,2010-08-01,Colorado,1,4523
1327,2014-04-01,Colorado,1,4522
1237,2014-09-01,Colorado,1,4516
1579,2013-02-01,Colorado,1,4514
841,2016-07-01,Colorado,1,4505
661,2017-05-01,Colorado,1,4502
1543,2013-04-01,Colorado,1,4498
1291,2014-06-01,Colorado,1,4496
1597,2013-01-01,Colorado,1,4494
1921,2011-07-01,Colorado,1,4488
1561,2013-03-01,Colorado,1,4475
1417,2013-11-01,Colorado,1,4470
1435,2013-10-01,Colorado,1,4461
1345,2014-03-01,Colorado,1,4454
2011,2011-02-01,Colorado,1,4443
1525,2013-05-01,Colorado,1,4438
1273,2014-07-01,Colorado,1,4432
1939,2011-06-01,Colorado,1,4427
1489,2013-07-01,Colorado,1,4397
1471,2013-08-01,Colorado,1,4393
1381,2014-01-01,Colorado,1,4374
1363,2014-02-01,Colorado,1,4372
2137,2010-07-01,Colorado,1,4359
2047,2010-12-01,Colorado,1,4348
1975,2011-04-01,Colorado,1,4345
2155,2010-06-01,Colorado,1,4337
2029,2011-01-01,Colorado,1,4331
1507,2013-06-01,Colorado,1,4324
1993,2011-03-01,Colorado,1,4320
2173,2010-05-01,Colorado,1,4306
1399,2013-12-01,Colorado,1,4171
2065,2010-11-01,Colorado,1,4161
1453,2013-09-01,Colorado,1,4134
2160,2010-05-01,Federal Offshore--Gulf of Mexico,1,6256
2106,2010-08-01,Federal Offshore--Gulf of Mexico,1,6165
2142,2010-06-01,Federal Offshore--Gulf of Mexico,1,5988
2070,2010-10-01,Federal Offshore--Gulf of Mexico,1,5954
2088,2010-09-01,Federal Offshore--Gulf of Mexico,1,5943
2034,2010-12-01,Federal Offshore--Gulf of Mexico,1,5857
2124,2010-07-01,Federal Offshore--Gulf of Mexico,1,5817
2016,2011-01-01,Federal Offshore--Gulf of Mexico,1,5815
2052,2010-11-01,Federal Offshore--Gulf of Mexico,1,5724
1998,2011-02-01,Federal Offshore--Gulf of Mexico,1,5482
1980,2011-03-01,Federal Offshore--Gulf of Mexico,1,5478
1962,2011-04-01,Federal Offshore--Gulf of Mexico,1,5407
1944,2011-05-01,Federal Offshore--Gulf of Mexico,1,5292
1926,2011-06-01,Federal Offshore--Gulf of Mexico,1,5029
1890,2011-08-01,Federal Offshore--Gulf of Mexico,1,4890
1908,2011-07-01,Federal Offshore--Gulf of Mexico,1,4802
1818,2011-12-01,Federal Offshore--Gulf of Mexico,1,4628
1854,2011-10-01,Federal Offshore--Gulf of Mexico,1,4616
1836,2011-11-01,Federal Offshore--Gulf of Mexico,1,4614
1764,2012-03-01,Federal Offshore--Gulf of Mexico,1,4606
1800,2012-01-01,Federal Offshore--Gulf of Mexico,1,4558
1782,2012-02-01,Federal Offshore--Gulf of Mexico,1,4502
1746,2012-04-01,Federal Offshore--Gulf of Mexico,1,4458
1728,2012-05-01,Federal Offshore--Gulf of Mexico,1,4216
1620,2012-11-01,Federal Offshore--Gulf of Mexico,1,4188
1872,2011-09-01,Federal Offshore--Gulf of Mexico,1,4160
1602,2012-12-01,Federal Offshore--Gulf of Mexico,1,4137
1692,2012-07-01,Federal Offshore--Gulf of Mexico,1,4134
1638,2012-10-01,Federal Offshore--Gulf of Mexico,1,4104
1584,2013-01-01,Federal Offshore--Gulf of Mexico,1,4012
1710,2012-06-01,Federal Offshore--Gulf of Mexico,1,3934
1566,2013-02-01,Federal Offshore--Gulf of Mexico,1,3921
1008,2015-09-01,Federal Offshore--Gulf of Mexico,1,3913
1026,2015-08-01,Federal Offshore--Gulf of Mexico,1,3887
1530,2013-04-01,Federal Offshore--Gulf of Mexico,1,3862
1548,2013-03-01,Federal Offshore--Gulf of Mexico,1,3810
1044,2015-07-01,Federal Offshore--Gulf of Mexico,1,3809
1656,2012-09-01,Federal Offshore--Gulf of Mexico,1,3705
1512,2013-05-01,Federal Offshore--Gulf of Mexico,1,3693
1080,2015-05-01,Federal Offshore--Gulf of Mexico,1,3638
1440,2013-09-01,Federal Offshore--Gulf of Mexico,1,3624
990,2015-10-01,Federal Offshore--Gulf of Mexico,1,3616
1098,2015-04-01,Federal Offshore--Gulf of Mexico,1,3613
1404,2013-11-01,Federal Offshore--Gulf of Mexico,1,3603
1296,2014-05-01,Federal Offshore--Gulf of Mexico,1,3596
1278,2014-06-01,Federal Offshore--Gulf of Mexico,1,3580
1242,2014-08-01,Federal Offshore--Gulf of Mexico,1,3575
1206,2014-10-01,Federal Offshore--Gulf of Mexico,1,3572
1674,2012-08-01,Federal Offshore--Gulf of Mexico,1,3560
1062,2015-06-01,Federal Offshore--Gulf of Mexico,1,3558
1224,2014-09-01,Federal Offshore--Gulf of Mexico,1,3551
1476,2013-07-01,Federal Offshore--Gulf of Mexico,1,3549
1260,2014-07-01,Federal Offshore--Gulf of Mexico,1,3547
1314,2014-04-01,Federal Offshore--Gulf of Mexico,1,3545
954,2015-12-01,Federal Offshore--Gulf of Mexico,1,3526
900,2016-03-01,Federal Offshore--Gulf of Mexico,1,3496
864,2016-05-01,Federal Offshore--Gulf of Mexico,1,3479
1494,2013-06-01,Federal Offshore--Gulf of Mexico,1,3476
1152,2015-01-01,Federal Offshore--Gulf of Mexico,1,3474
1170,2014-12-01,Federal Offshore--Gulf of Mexico,1,3463
1386,2013-12-01,Federal Offshore--Gulf of Mexico,1,3446
936,2016-01-01,Federal Offshore--Gulf of Mexico,1,3423
1350,2014-02-01,Federal Offshore--Gulf of Mexico,1,3414
972,2015-11-01,Federal Offshore--Gulf of Mexico,1,3413
1134,2015-02-01,Federal Offshore--Gulf of Mexico,1,3406
1332,2014-03-01,Federal Offshore--Gulf of Mexico,1,3401
1188,2014-11-01,Federal Offshore--Gulf of Mexico,1,3393
918,2016-02-01,Federal Offshore--Gulf of Mexico,1,3389
738,2016-12-01,Federal Offshore--Gulf of Mexico,1,3372
1458,2013-08-01,Federal Offshore--Gulf of Mexico,1,3357
810,2016-08-01,Federal Offshore--Gulf of Mexico,1,3336
684,2017-03-01,Federal Offshore--Gulf of Mexico,1,3325
720,2017-01-01,Federal Offshore--Gulf of Mexico,1,3317
756,2016-11-01,Federal Offshore--Gulf of Mexico,1,3311
1368,2014-01-01,Federal Offshore--Gulf of Mexico,1,3300
882,2016-04-01,Federal Offshore--Gulf of Mexico,1,3298
774,2016-10-01,Federal Offshore--Gulf of Mexico,1,3295
1422,2013-10-01,Federal Offshore--Gulf of Mexico,1,3294
828,2016-07-01,Federal Offshore--Gulf of Mexico,1,3264
702,2017-02-01,Federal Offshore--Gulf of Mexico,1,3219
792,2016-09-01,Federal Offshore--Gulf of Mexico,1,3176
846,2016-06-01,Federal Offshore--Gulf of Mexico,1,3172
1116,2015-03-01,Federal Offshore--Gulf of Mexico,1,3126
648,2017-05-01,Federal Offshore--Gulf of Mexico,1,3115
378,2018-08-01,Federal Offshore--Gulf of Mexico,1,3084
666,2017-04-01,Federal Offshore--Gulf of Mexico,1,3075
612,2017-07-01,Federal Offshore--Gulf of Mexico,1,3073
630,2017-06-01,Federal Offshore--Gulf of Mexico,1,2946
324,2018-11-01,Federal Offshore--Gulf of Mexico,1,2936
252,2019-03-01,Federal Offshore--Gulf of Mexico,1,2923
288,2019-01-01,Federal Offshore--Gulf of Mexico,1,2919
594,2017-08-01,Federal Offshore--Gulf of Mexico,1,2910
306,2018-12-01,Federal Offshore--Gulf of Mexico,1,2901
396,2018-07-01,Federal Offshore--Gulf of Mexico,1,2899
234,2019-04-01,Federal Offshore--Gulf of Mexico,1,2882
360,2018-09-01,Federal Offshore--Gulf of Mexico,1,2881
576,2017-09-01,Federal Offshore--Gulf of Mexico,1,2865
162,2019-08-01,Federal Offshore--Gulf of Mexico,1,2823
90,2019-12-01,Federal Offshore--Gulf of Mexico,1,2815
216,2019-05-01,Federal Offshore--Gulf of Mexico,1,2805
72,2020-01-01,Federal Offshore--Gulf of Mexico,1,2784
36,2020-03-01,Federal Offshore--Gulf of Mexico,1,2781
108,2019-11-01,Federal Offshore--Gulf of Mexico,1,2774
54,2020-02-01,Federal Offshore--Gulf of Mexico,1,2751
126,2019-10-01,Federal Offshore--Gulf of Mexico,1,2721
342,2018-10-01,Federal Offshore--Gulf of Mexico,1,2721
198,2019-06-01,Federal Offshore--Gulf of Mexico,1,2707
144,2019-09-01,Federal Offshore--Gulf of Mexico,1,2703
270,2019-02-01,Federal Offshore--Gulf of Mexico,1,2691
468,2018-03-01,Federal Offshore--Gulf of Mexico,1,2643
540,2017-11-01,Federal Offshore--Gulf of Mexico,1,2643
18,2020-04-01,Federal Offshore--Gulf of Mexico,1,2630
486,2018-02-01,Federal Offshore--Gulf of Mexico,1,2603
414,2018-06-01,Federal Offshore--Gulf of Mexico,1,2576
558,2017-10-01,Federal Offshore--Gulf of Mexico,1,2526
432,2018-05-01,Federal Offshore--Gulf of Mexico,1,2468
504,2018-01-01,Federal Offshore--Gulf of Mexico,1,2463
450,2018-04-01,Federal Offshore--Gulf of Mexico,1,2462
522,2017-12-01,Federal Offshore--Gulf of Mexico,1,2452
180,2019-07-01,Federal Offshore--Gulf of Mexico,1,2148
0,2020-05-01,Federal Offshore--Gulf of Mexico,1,2073
2118,2010-08-01,Kansas,1,904
2154,2010-06-01,Kansas,1,902
2082,2010-10-01,Kansas,1,899
2064,2010-11-01,Kansas,1,895
2100,2010-09-01,Kansas,1,890
2046,2010-12-01,Kansas,1,886
1164,2015-01-01,Kansas,1,877
2136,2010-07-01,Kansas,1,876
1974,2011-04-01,Kansas,1,873
2028,2011-01-01,Kansas,1,873
1146,2015-02-01,Kansas,1,872
1992,2011-03-01,Kansas,1,866
1470,2013-08-01,Kansas,1,864
1956,2011-05-01,Kansas,1,862
1128,2015-03-01,Kansas,1,859
1938,2011-06-01,Kansas,1,859
1884,2011-09-01,Kansas,1,850
1902,2011-08-01,Kansas,1,850
1920,2011-07-01,Kansas,1,845
1866,2011-10-01,Kansas,1,838
2010,2011-02-01,Kansas,1,838
1848,2011-11-01,Kansas,1,833
1722,2012-06-01,Kansas,1,819
1434,2013-10-01,Kansas,1,816
1452,2013-09-01,Kansas,1,814
1740,2012-05-01,Kansas,1,814
1632,2012-11-01,Kansas,1,812
1650,2012-10-01,Kansas,1,812
1704,2012-07-01,Kansas,1,812
2172,2010-05-01,Kansas,1,812
1776,2012-03-01,Kansas,1,811
1758,2012-04-01,Kansas,1,809
1686,2012-08-01,Kansas,1,808
1218,2014-10-01,Kansas,1,807
1668,2012-09-01,Kansas,1,807
1812,2012-01-01,Kansas,1,807
1236,2014-09-01,Kansas,1,806
1794,2012-02-01,Kansas,1,805
1488,2013-07-01,Kansas,1,804
1830,2011-12-01,Kansas,1,804
1254,2014-08-01,Kansas,1,798
1524,2013-05-01,Kansas,1,798
1614,2012-12-01,Kansas,1,798
1200,2014-11-01,Kansas,1,797
1416,2013-11-01,Kansas,1,795
1506,2013-06-01,Kansas,1,795
1542,2013-04-01,Kansas,1,795
1272,2014-07-01,Kansas,1,792
1596,2013-01-01,Kansas,1,790
1560,2013-03-01,Kansas,1,787
1308,2014-05-01,Kansas,1,786
1290,2014-06-01,Kansas,1,784
1578,2013-02-01,Kansas,1,784
1182,2014-12-01,Kansas,1,782
1326,2014-04-01,Kansas,1,779
1110,2015-04-01,Kansas,1,774
1398,2013-12-01,Kansas,1,771
1092,2015-05-01,Kansas,1,768
1380,2014-01-01,Kansas,1,768
1344,2014-03-01,Kansas,1,767
1074,2015-06-01,Kansas,1,765
1038,2015-08-01,Kansas,1,758
1056,2015-07-01,Kansas,1,756
1020,2015-09-01,Kansas,1,750
1362,2014-02-01,Kansas,1,749
1002,2015-10-01,Kansas,1,744
984,2015-11-01,Kansas,1,724
966,2015-12-01,Kansas,1,702
804,2016-09-01,Kansas,1,695
948,2016-01-01,Kansas,1,693
912,2016-03-01,Kansas,1,690
930,2016-02-01,Kansas,1,690
894,2016-04-01,Kansas,1,678
876,2016-05-01,Kansas,1,674
858,2016-06-01,Kansas,1,669
840,2016-07-01,Kansas,1,664
822,2016-08-01,Kansas,1,656
786,2016-10-01,Kansas,1,645
750,2016-12-01,Kansas,1,642
768,2016-11-01,Kansas,1,630
714,2017-02-01,Kansas,1,618
696,2017-03-01,Kansas,1,616
732,2017-01-01,Kansas,1,614
642,2017-06-01,Kansas,1,611
624,2017-07-01,Kansas,1,609
678,2017-04-01,Kansas,1,603
606,2017-08-01,Kansas,1,601
588,2017-09-01,Kansas,1,600
660,2017-05-01,Kansas,1,597
570,2017-10-01,Kansas,1,593
552,2017-11-01,Kansas,1,589
534,2017-12-01,Kansas,1,572
462,2018-04-01,Kansas,1,570
498,2018-02-01,Kansas,1,569
444,2018-05-01,Kansas,1,567
480,2018-03-01,Kansas,1,567
516,2018-01-01,Kansas,1,563
408,2018-07-01,Kansas,1,556
372,2018-09-01,Kansas,1,550
390,2018-08-01,Kansas,1,545
354,2018-10-01,Kansas,1,543
426,2018-06-01,Kansas,1,538
336,2018-11-01,Kansas,1,534
210,2019-06-01,Kansas,1,529
48,2020-03-01,Kansas,1,527
246,2019-04-01,Kansas,1,527
300,2019-01-01,Kansas,1,525
318,2018-12-01,Kansas,1,524
66,2020-02-01,Kansas,1,523
192,2019-07-01,Kansas,1,521
30,2020-04-01,Kansas,1,520
282,2019-02-01,Kansas,1,519
264,2019-03-01,Kansas,1,517
174,2019-08-01,Kansas,1,513
12,2020-05-01,Kansas,1,506
156,2019-09-01,Kansas,1,502
228,2019-05-01,Kansas,1,497
138,2019-10-01,Kansas,1,495
84,2020-01-01,Kansas,1,487
120,2019-11-01,Kansas,1,476
102,2019-12-01,Kansas,1,464
119,2019-11-01,Louisiana,1,9253
101,2019-12-01,Louisiana,1,9221
137,2019-10-01,Louisiana,1,9138
1847,2011-11-01,Louisiana,1,9055
83,2020-01-01,Louisiana,1,9021
1829,2011-12-01,Louisiana,1,8908
1865,2011-10-01,Louisiana,1,8877
209,2019-06-01,Louisiana,1,8865
11,2020-05-01,Louisiana,1,8836
1883,2011-09-01,Louisiana,1,8797
155,2019-09-01,Louisiana,1,8779
29,2020-04-01,Louisiana,1,8767
65,2020-02-01,Louisiana,1,8699
173,2019-08-01,Louisiana,1,8697
1901,2011-08-01,Louisiana,1,8637
47,2020-03-01,Louisiana,1,8603
1811,2012-01-01,Louisiana,1,8581
281,2019-02-01,Louisiana,1,8487
191,2019-07-01,Louisiana,1,8414
263,2019-03-01,Louisiana,1,8405
1703,2012-07-01,Louisiana,1,8364
1919,2011-07-01,Louisiana,1,8344
1721,2012-06-01,Louisiana,1,8309
1955,2011-05-01,Louisiana,1,8278
335,2018-11-01,Louisiana,1,8247
299,2019-01-01,Louisiana,1,8246
1685,2012-08-01,Louisiana,1,8210
245,2019-04-01,Louisiana,1,8202
1937,2011-06-01,Louisiana,1,8163
371,2018-09-01,Louisiana,1,8159
1793,2012-02-01,Louisiana,1,8140
1973,2011-04-01,Louisiana,1,8115
1775,2012-03-01,Louisiana,1,8102
353,2018-10-01,Louisiana,1,8097
1667,2012-09-01,Louisiana,1,8075
1739,2012-05-01,Louisiana,1,8068
317,2018-12-01,Louisiana,1,8060
227,2019-05-01,Louisiana,1,8048
1757,2012-04-01,Louisiana,1,7994
1991,2011-03-01,Louisiana,1,7978
1649,2012-10-01,Louisiana,1,7961
425,2018-06-01,Louisiana,1,7890
443,2018-05-01,Louisiana,1,7818
479,2018-03-01,Louisiana,1,7744
1631,2012-11-01,Louisiana,1,7644
407,2018-07-01,Louisiana,1,7572
2009,2011-02-01,Louisiana,1,7480
1613,2012-12-01,Louisiana,1,7447
389,2018-08-01,Louisiana,1,7436
1595,2013-01-01,Louisiana,1,7407
461,2018-04-01,Louisiana,1,7365
1577,2013-02-01,Louisiana,1,7324
533,2017-12-01,Louisiana,1,7318
2027,2011-01-01,Louisiana,1,7273
2045,2010-12-01,Louisiana,1,7248
497,2018-02-01,Louisiana,1,7172
1559,2013-03-01,Louisiana,1,7080
515,2018-01-01,Louisiana,1,7063
551,2017-11-01,Louisiana,1,6985
1541,2013-04-01,Louisiana,1,6896
2063,2010-11-01,Louisiana,1,6867
1523,2013-05-01,Louisiana,1,6810
569,2017-10-01,Louisiana,1,6694
1505,2013-06-01,Louisiana,1,6663
2099,2010-09-01,Louisiana,1,6622
2081,2010-10-01,Louisiana,1,6542
1487,2013-07-01,Louisiana,1,6495
2117,2010-08-01,Louisiana,1,6415
2135,2010-07-01,Louisiana,1,6281
587,2017-09-01,Louisiana,1,6228
1469,2013-08-01,Louisiana,1,6208
2153,2010-06-01,Louisiana,1,6067
605,2017-08-01,Louisiana,1,5917
1451,2013-09-01,Louisiana,1,5903
695,2017-03-01,Louisiana,1,5782
2171,2010-05-01,Louisiana,1,5738
1397,2013-12-01,Louisiana,1,5718
1415,2013-11-01,Louisiana,1,5697
1433,2013-10-01,Louisiana,1,5672
1361,2014-02-01,Louisiana,1,5623
1379,2014-01-01,Louisiana,1,5620
1343,2014-03-01,Louisiana,1,5597
641,2017-06-01,Louisiana,1,5569
1289,2014-06-01,Louisiana,1,5559
1307,2014-05-01,Louisiana,1,5554
1325,2014-04-01,Louisiana,1,5502
623,2017-07-01,Louisiana,1,5379
1235,2014-09-01,Louisiana,1,5349
1271,2014-07-01,Louisiana,1,5327
1199,2014-11-01,Louisiana,1,5268
659,2017-05-01,Louisiana,1,5238
1217,2014-10-01,Louisiana,1,5237
1253,2014-08-01,Louisiana,1,5210
731,2017-01-01,Louisiana,1,5174
677,2017-04-01,Louisiana,1,5154
893,2016-04-01,Louisiana,1,5145
713,2017-02-01,Louisiana,1,5144
1109,2015-04-01,Louisiana,1,5114
1127,2015-03-01,Louisiana,1,5077
839,2016-07-01,Louisiana,1,5069
1091,2015-05-01,Louisiana,1,5065
1145,2015-02-01,Louisiana,1,5060
929,2016-02-01,Louisiana,1,5035
1019,2015-09-01,Louisiana,1,5004
947,2016-01-01,Louisiana,1,4971
911,2016-03-01,Louisiana,1,4954
1163,2015-01-01,Louisiana,1,4953
965,2015-12-01,Louisiana,1,4910
1055,2015-07-01,Louisiana,1,4910
1001,2015-10-01,Louisiana,1,4903
1181,2014-12-01,Louisiana,1,4900
1037,2015-08-01,Louisiana,1,4893
875,2016-05-01,Louisiana,1,4892
785,2016-10-01,Louisiana,1,4881
983,2015-11-01,Louisiana,1,4869
1073,2015-06-01,Louisiana,1,4863
749,2016-12-01,Louisiana,1,4860
803,2016-09-01,Louisiana,1,4858
767,2016-11-01,Louisiana,1,4767
857,2016-06-01,Louisiana,1,4693
821,2016-08-01,Louisiana,1,4679
2170,2010-05-01,Montana,1,259
2152,2010-06-01,Montana,1,258
2134,2010-07-01,Montana,1,256
2098,2010-09-01,Montana,1,251
2116,2010-08-01,Montana,1,251
2080,2010-10-01,Montana,1,249
2062,2010-11-01,Montana,1,247
2044,2010-12-01,Montana,1,236
2026,2011-01-01,Montana,1,229
1882,2011-09-01,Montana,1,225
2008,2011-02-01,Montana,1,223
1972,2011-04-01,Montana,1,221
1990,2011-03-01,Montana,1,221
1954,2011-05-01,Montana,1,219
1918,2011-07-01,Montana,1,218
1900,2011-08-01,Montana,1,217
1936,2011-06-01,Montana,1,217
1864,2011-10-01,Montana,1,211
1846,2011-11-01,Montana,1,208
1828,2011-12-01,Montana,1,206
1792,2012-02-01,Montana,1,202
1810,2012-01-01,Montana,1,202
1774,2012-03-01,Montana,1,198
1756,2012-04-01,Montana,1,195
1738,2012-05-01,Montana,1,184
1504,2013-06-01,Montana,1,182
1486,2013-07-01,Montana,1,179
1666,2012-09-01,Montana,1,179
1432,2013-10-01,Montana,1,178
1468,2013-08-01,Montana,1,176
1630,2012-11-01,Montana,1,176
1684,2012-08-01,Montana,1,176
1450,2013-09-01,Montana,1,174
1522,2013-05-01,Montana,1,174
1648,2012-10-01,Montana,1,174
1414,2013-11-01,Montana,1,172
1540,2013-04-01,Montana,1,172
1612,2012-12-01,Montana,1,172
1702,2012-07-01,Montana,1,172
1558,2013-03-01,Montana,1,171
1576,2013-02-01,Montana,1,170
1594,2013-01-01,Montana,1,170
1720,2012-06-01,Montana,1,167
1288,2014-06-01,Montana,1,166
1180,2014-12-01,Montana,1,165
1306,2014-05-01,Montana,1,165
1324,2014-04-01,Montana,1,164
1378,2014-01-01,Montana,1,164
1144,2015-02-01,Montana,1,163
1270,2014-07-01,Montana,1,163
1342,2014-03-01,Montana,1,163
1054,2015-07-01,Montana,1,162
1090,2015-05-01,Montana,1,162
1108,2015-04-01,Montana,1,162
1126,2015-03-01,Montana,1,162
1162,2015-01-01,Montana,1,162
1252,2014-08-01,Montana,1,162
1360,2014-02-01,Montana,1,162
1072,2015-06-01,Montana,1,161
1396,2013-12-01,Montana,1,160
1000,2015-10-01,Montana,1,159
1216,2014-10-01,Montana,1,159
1234,2014-09-01,Montana,1,159
1036,2015-08-01,Montana,1,158
1018,2015-09-01,Montana,1,157
982,2015-11-01,Montana,1,156
1198,2014-11-01,Montana,1,155
964,2015-12-01,Montana,1,152
928,2016-02-01,Montana,1,149
946,2016-01-01,Montana,1,149
910,2016-03-01,Montana,1,148
892,2016-04-01,Montana,1,147
874,2016-05-01,Montana,1,145
208,2019-06-01,Montana,1,142
766,2016-11-01,Montana,1,142
856,2016-06-01,Montana,1,142
838,2016-07-01,Montana,1,141
784,2016-10-01,Montana,1,140
802,2016-09-01,Montana,1,139
604,2017-08-01,Montana,1,138
622,2017-07-01,Montana,1,138
640,2017-06-01,Montana,1,138
658,2017-05-01,Montana,1,138
154,2019-09-01,Montana,1,137
226,2019-05-01,Montana,1,136
676,2017-04-01,Montana,1,136
244,2019-04-01,Montana,1,135
586,2017-09-01,Montana,1,135
694,2017-03-01,Montana,1,135
712,2017-02-01,Montana,1,135
748,2016-12-01,Montana,1,135
118,2019-11-01,Montana,1,134
568,2017-10-01,Montana,1,134
730,2017-01-01,Montana,1,134
172,2019-08-01,Montana,1,133
190,2019-07-01,Montana,1,133
550,2017-11-01,Montana,1,133
820,2016-08-01,Montana,1,133
136,2019-10-01,Montana,1,132
334,2018-11-01,Montana,1,132
370,2018-09-01,Montana,1,132
388,2018-08-01,Montana,1,132
100,2019-12-01,Montana,1,131
298,2019-01-01,Montana,1,131
532,2017-12-01,Montana,1,131
316,2018-12-01,Montana,1,130
406,2018-07-01,Montana,1,130
46,2020-03-01,Montana,1,129
82,2020-01-01,Montana,1,129
460,2018-04-01,Montana,1,129
514,2018-01-01,Montana,1,129
352,2018-10-01,Montana,1,128
64,2020-02-01,Montana,1,127
442,2018-05-01,Montana,1,127
496,2018-02-01,Montana,1,127
424,2018-06-01,Montana,1,126
478,2018-03-01,Montana,1,126
262,2019-03-01,Montana,1,125
280,2019-02-01,Montana,1,123
28,2020-04-01,Montana,1,116
10,2020-05-01,Montana,1,95
63,2020-02-01,New Mexico,1,5663
45,2020-03-01,New Mexico,1,5662
81,2020-01-01,New Mexico,1,5500
135,2019-10-01,New Mexico,1,5481
99,2019-12-01,New Mexico,1,5454
117,2019-11-01,New Mexico,1,5430
153,2019-09-01,New Mexico,1,5414
27,2020-04-01,New Mexico,1,5410
171,2019-08-01,New Mexico,1,5304
189,2019-07-01,New Mexico,1,4975
225,2019-05-01,New Mexico,1,4969
9,2020-05-01,New Mexico,1,4945
207,2019-06-01,New Mexico,1,4939
243,2019-04-01,New Mexico,1,4932
261,2019-03-01,New Mexico,1,4903
279,2019-02-01,New Mexico,1,4835
297,2019-01-01,New Mexico,1,4629
315,2018-12-01,New Mexico,1,4565
333,2018-11-01,New Mexico,1,4472
351,2018-10-01,New Mexico,1,4461
387,2018-08-01,New Mexico,1,4386
369,2018-09-01,New Mexico,1,4367
405,2018-07-01,New Mexico,1,4271
423,2018-06-01,New Mexico,1,4102
459,2018-04-01,New Mexico,1,4070
441,2018-05-01,New Mexico,1,4001
477,2018-03-01,New Mexico,1,3886
495,2018-02-01,New Mexico,1,3867
567,2017-10-01,New Mexico,1,3784
531,2017-12-01,New Mexico,1,3762
513,2018-01-01,New Mexico,1,3745
2043,2010-12-01,New Mexico,1,3738
2115,2010-08-01,New Mexico,1,3725
2133,2010-07-01,New Mexico,1,3723
2097,2010-09-01,New Mexico,1,3714
585,2017-09-01,New Mexico,1,3709
549,2017-11-01,New Mexico,1,3708
2169,2010-05-01,New Mexico,1,3703
2061,2010-11-01,New Mexico,1,3694
1017,2015-09-01,New Mexico,1,3691
657,2017-05-01,New Mexico,1,3676
999,2015-10-01,New Mexico,1,3652
1035,2015-08-01,New Mexico,1,3647
1989,2011-03-01,New Mexico,1,3645
2079,2010-10-01,New Mexico,1,3637
621,2017-07-01,New Mexico,1,3635
981,2015-11-01,New Mexico,1,3626
1089,2015-05-01,New Mexico,1,3614
801,2016-09-01,New Mexico,1,3602
639,2017-06-01,New Mexico,1,3601
1899,2011-08-01,New Mexico,1,3598
819,2016-08-01,New Mexico,1,3596
1107,2015-04-01,New Mexico,1,3594
1071,2015-06-01,New Mexico,1,3592
1917,2011-07-01,New Mexico,1,3592
1953,2011-05-01,New Mexico,1,3592
1881,2011-09-01,New Mexico,1,3590
603,2017-08-01,New Mexico,1,3588
1971,2011-04-01,New Mexico,1,3579
675,2017-04-01,New Mexico,1,3574
1647,2012-10-01,New Mexico,1,3573
2151,2010-06-01,New Mexico,1,3569
765,2016-11-01,New Mexico,1,3567
693,2017-03-01,New Mexico,1,3561
1935,2011-06-01,New Mexico,1,3558
783,2016-10-01,New Mexico,1,3554
1791,2012-02-01,New Mexico,1,3553
1809,2012-01-01,New Mexico,1,3551
1125,2015-03-01,New Mexico,1,3549
1863,2011-10-01,New Mexico,1,3548
1251,2014-08-01,New Mexico,1,3545
1053,2015-07-01,New Mexico,1,3542
891,2016-04-01,New Mexico,1,3537
909,2016-03-01,New Mexico,1,3535
837,2016-07-01,New Mexico,1,3532
1197,2014-11-01,New Mexico,1,3529
1467,2013-08-01,New Mexico,1,3527
1431,2013-10-01,New Mexico,1,3519
855,2016-06-01,New Mexico,1,3516
873,2016-05-01,New Mexico,1,3514
1773,2012-03-01,New Mexico,1,3513
1539,2013-04-01,New Mexico,1,3512
1179,2014-12-01,New Mexico,1,3508
1845,2011-11-01,New Mexico,1,3506
1701,2012-07-01,New Mexico,1,3502
1485,2013-07-01,New Mexico,1,3501
1269,2014-07-01,New Mexico,1,3500
1143,2015-02-01,New Mexico,1,3499
1629,2012-11-01,New Mexico,1,3488
1683,2012-08-01,New Mexico,1,3488
1323,2014-04-01,New Mexico,1,3484
1503,2013-06-01,New Mexico,1,3484
711,2017-02-01,New Mexico,1,3483
747,2016-12-01,New Mexico,1,3482
1737,2012-05-01,New Mexico,1,3481
1755,2012-04-01,New Mexico,1,3480
1233,2014-09-01,New Mexico,1,3474
1215,2014-10-01,New Mexico,1,3473
1287,2014-06-01,New Mexico,1,3473
1341,2014-03-01,New Mexico,1,3471
1665,2012-09-01,New Mexico,1,3459
1449,2013-09-01,New Mexico,1,3454
1521,2013-05-01,New Mexico,1,3450
1827,2011-12-01,New Mexico,1,3448
1557,2013-03-01,New Mexico,1,3412
1719,2012-06-01,New Mexico,1,3407
729,2017-01-01,New Mexico,1,3405
1359,2014-02-01,New Mexico,1,3404
1305,2014-05-01,New Mexico,1,3403
927,2016-02-01,New Mexico,1,3393
2025,2011-01-01,New Mexico,1,3376
1413,2013-11-01,New Mexico,1,3371
1377,2014-01-01,New Mexico,1,3367
1575,2013-02-01,New Mexico,1,3364
1611,2012-12-01,New Mexico,1,3351
1161,2015-01-01,New Mexico,1,3333
963,2015-12-01,New Mexico,1,3299
2007,2011-02-01,New Mexico,1,3283
1395,2013-12-01,New Mexico,1,3281
945,2016-01-01,New Mexico,1,3226
1593,2013-01-01,New Mexico,1,3135
44,2020-03-01,North Dakota,1,3138
116,2019-11-01,North Dakota,1,3112
62,2020-02-01,North Dakota,1,3102
134,2019-10-01,North Dakota,1,3052
98,2019-12-01,North Dakota,1,3042
80,2020-01-01,North Dakota,1,2996
170,2019-08-01,North Dakota,1,2989
188,2019-07-01,North Dakota,1,2947
152,2019-09-01,North Dakota,1,2912
206,2019-06-01,North Dakota,1,2874
224,2019-05-01,North Dakota,1,2815
242,2019-04-01,North Dakota,1,2811
260,2019-03-01,North Dakota,1,2801
26,2020-04-01,North Dakota,1,2749
296,2019-01-01,North Dakota,1,2683
314,2018-12-01,North Dakota,1,2611
278,2019-02-01,North Dakota,1,2594
350,2018-10-01,North Dakota,1,2569
368,2018-09-01,North Dakota,1,2526
332,2018-11-01,North Dakota,1,2511
386,2018-08-01,North Dakota,1,2440
404,2018-07-01,North Dakota,1,2400
440,2018-05-01,North Dakota,1,2315
422,2018-06-01,North Dakota,1,2300
458,2018-04-01,North Dakota,1,2243
476,2018-03-01,North Dakota,1,2122
494,2018-02-01,North Dakota,1,2107
548,2017-11-01,North Dakota,1,2099
530,2017-12-01,North Dakota,1,2087
512,2018-01-01,North Dakota,1,2077
566,2017-10-01,North Dakota,1,2066
8,2020-05-01,North Dakota,1,1962
602,2017-08-01,North Dakota,1,1955
584,2017-09-01,North Dakota,1,1947
620,2017-07-01,North Dakota,1,1901
656,2017-05-01,North Dakota,1,1858
638,2017-06-01,North Dakota,1,1856
674,2017-04-01,North Dakota,1,1840
764,2016-11-01,North Dakota,1,1763
692,2017-03-01,North Dakota,1,1739
782,2016-10-01,North Dakota,1,1721
710,2017-02-01,North Dakota,1,1718
908,2016-03-01,North Dakota,1,1713
836,2016-07-01,North Dakota,1,1699
926,2016-02-01,North Dakota,1,1691
980,2015-11-01,North Dakota,1,1678
962,2015-12-01,North Dakota,1,1673
854,2016-06-01,North Dakota,1,1665
1052,2015-07-01,North Dakota,1,1658
998,2015-10-01,North Dakota,1,1657
1070,2015-06-01,North Dakota,1,1655
872,2016-05-01,North Dakota,1,1645
1034,2015-08-01,North Dakota,1,1644
944,2016-01-01,North Dakota,1,1642
818,2016-08-01,North Dakota,1,1640
890,2016-04-01,North Dakota,1,1630
1088,2015-05-01,North Dakota,1,1625
800,2016-09-01,North Dakota,1,1614
1016,2015-09-01,North Dakota,1,1604
728,2017-01-01,North Dakota,1,1564
746,2016-12-01,North Dakota,1,1541
1106,2015-04-01,North Dakota,1,1534
1124,2015-03-01,North Dakota,1,1527
1178,2014-12-01,North Dakota,1,1516
1142,2015-02-01,North Dakota,1,1480
1160,2015-01-01,North Dakota,1,1476
1196,2014-11-01,North Dakota,1,1438
1214,2014-10-01,North Dakota,1,1437
1232,2014-09-01,North Dakota,1,1423
1250,2014-08-01,North Dakota,1,1349
1268,2014-07-01,North Dakota,1,1294
1286,2014-06-01,North Dakota,1,1254
1304,2014-05-01,North Dakota,1,1195
1322,2014-04-01,North Dakota,1,1139
1340,2014-03-01,North Dakota,1,1090
1412,2013-11-01,North Dakota,1,1085
1430,2013-10-01,North Dakota,1,1072
1448,2013-09-01,North Dakota,1,1066
1358,2014-02-01,North Dakota,1,1064
1376,2014-01-01,North Dakota,1,1015
1466,2013-08-01,North Dakota,1,1008
1394,2013-12-01,North Dakota,1,992
1484,2013-07-01,North Dakota,1,972
1502,2013-06-01,North Dakota,1,933
1520,2013-05-01,North Dakota,1,900
1538,2013-04-01,North Dakota,1,861
1556,2013-03-01,North Dakota,1,846
1574,2013-02-01,North Dakota,1,835
1610,2012-12-01,North Dakota,1,817
1646,2012-10-01,North Dakota,1,798
1664,2012-09-01,North Dakota,1,797
1592,2013-01-01,North Dakota,1,792
1628,2012-11-01,North Dakota,1,781
1682,2012-08-01,North Dakota,1,762
1700,2012-07-01,North Dakota,1,719
1718,2012-06-01,North Dakota,1,701
1736,2012-05-01,North Dakota,1,678
1754,2012-04-01,North Dakota,1,641
1772,2012-03-01,North Dakota,1,620
1790,2012-02-01,North Dakota,1,587
1808,2012-01-01,North Dakota,1,572
1826,2011-12-01,North Dakota,1,552
1844,2011-11-01,North Dakota,1,534
1862,2011-10-01,North Dakota,1,515
1880,2011-09-01,North Dakota,1,492
1898,2011-08-01,North Dakota,1,466
1916,2011-07-01,North Dakota,1,434
1934,2011-06-01,North Dakota,1,397
1952,2011-05-01,North Dakota,1,364
1988,2011-03-01,North Dakota,1,360
2060,2010-11-01,North Dakota,1,360
1970,2011-04-01,North Dakota,1,359
2078,2010-10-01,North Dakota,1,348
2042,2010-12-01,North Dakota,1,343
2096,2010-09-01,North Dakota,1,343
2006,2011-02-01,North Dakota,1,342
2024,2011-01-01,North Dakota,1,340
2114,2010-08-01,North Dakota,1,331
2132,2010-07-01,North Dakota,1,324
2150,2010-06-01,North Dakota,1,305
2168,2010-05-01,North Dakota,1,302
133,2019-10-01,Ohio,1,7539
151,2019-09-01,Ohio,1,7523
313,2018-12-01,Ohio,1,7501
169,2019-08-01,Ohio,1,7477
115,2019-11-01,Ohio,1,7441
187,2019-07-01,Ohio,1,7366
97,2019-12-01,Ohio,1,7361
331,2018-11-01,Ohio,1,7352
349,2018-10-01,Ohio,1,7155
367,2018-09-01,Ohio,1,7002
205,2019-06-01,Ohio,1,6978
295,2019-01-01,Ohio,1,6871
277,2019-02-01,Ohio,1,6830
79,2020-01-01,Ohio,1,6776
241,2019-04-01,Ohio,1,6763
259,2019-03-01,Ohio,1,6749
223,2019-05-01,Ohio,1,6727
385,2018-08-01,Ohio,1,6702
7,2020-05-01,Ohio,1,6697
403,2018-07-01,Ohio,1,6469
25,2020-04-01,Ohio,1,6465
43,2020-03-01,Ohio,1,6437
421,2018-06-01,Ohio,1,6435
439,2018-05-01,Ohio,1,6243
61,2020-02-01,Ohio,1,6193
475,2018-03-01,Ohio,1,6161
457,2018-04-01,Ohio,1,6134
493,2018-02-01,Ohio,1,6110
511,2018-01-01,Ohio,1,5911
529,2017-12-01,Ohio,1,5839
547,2017-11-01,Ohio,1,5589
565,2017-10-01,Ohio,1,5589
583,2017-09-01,Ohio,1,5359
601,2017-08-01,Ohio,1,5130
619,2017-07-01,Ohio,1,5130
637,2017-06-01,Ohio,1,4642
655,2017-05-01,Ohio,1,4403
673,2017-04-01,Ohio,1,4403
691,2017-03-01,Ohio,1,4253
709,2017-02-01,Ohio,1,4253
727,2017-01-01,Ohio,1,4253
745,2016-12-01,Ohio,1,4084
763,2016-11-01,Ohio,1,4084
781,2016-10-01,Ohio,1,4084
799,2016-09-01,Ohio,1,4059
817,2016-08-01,Ohio,1,4059
835,2016-07-01,Ohio,1,4059
853,2016-06-01,Ohio,1,3810
871,2016-05-01,Ohio,1,3810
889,2016-04-01,Ohio,1,3810
907,2016-03-01,Ohio,1,3751
925,2016-02-01,Ohio,1,3751
943,2016-01-01,Ohio,1,3751
961,2015-12-01,Ohio,1,3428
979,2015-11-01,Ohio,1,3428
997,2015-10-01,Ohio,1,3428
1015,2015-09-01,Ohio,1,2832
1033,2015-08-01,Ohio,1,2832
1051,2015-07-01,Ohio,1,2832
1069,2015-06-01,Ohio,1,2580
1087,2015-05-01,Ohio,1,2580
1105,2015-04-01,Ohio,1,2580
1123,2015-03-01,Ohio,1,2183
1141,2015-02-01,Ohio,1,2183
1159,2015-01-01,Ohio,1,2183
1177,2014-12-01,Ohio,1,1957
1195,2014-11-01,Ohio,1,1957
1213,2014-10-01,Ohio,1,1957
1231,2014-09-01,Ohio,1,1595
1249,2014-08-01,Ohio,1,1595
1267,2014-07-01,Ohio,1,1595
1285,2014-06-01,Ohio,1,1138
1303,2014-05-01,Ohio,1,1138
1321,2014-04-01,Ohio,1,1138
1339,2014-03-01,Ohio,1,911
1357,2014-02-01,Ohio,1,911
1375,2014-01-01,Ohio,1,911
1393,2013-12-01,Ohio,1,649
1411,2013-11-01,Ohio,1,649
1429,2013-10-01,Ohio,1,649
1447,2013-09-01,Ohio,1,546
1465,2013-08-01,Ohio,1,546
1483,2013-07-01,Ohio,1,546
1501,2013-06-01,Ohio,1,346
1519,2013-05-01,Ohio,1,346
1537,2013-04-01,Ohio,1,346
1555,2013-03-01,Ohio,1,273
1573,2013-02-01,Ohio,1,273
1591,2013-01-01,Ohio,1,273
1609,2012-12-01,Ohio,1,231
1627,2012-11-01,Ohio,1,231
1645,2012-10-01,Ohio,1,231
1663,2012-09-01,Ohio,1,231
1681,2012-08-01,Ohio,1,231
1699,2012-07-01,Ohio,1,231
1717,2012-06-01,Ohio,1,231
1735,2012-05-01,Ohio,1,231
1753,2012-04-01,Ohio,1,231
1771,2012-03-01,Ohio,1,231
1789,2012-02-01,Ohio,1,231
1807,2012-01-01,Ohio,1,231
1825,2011-12-01,Ohio,1,230
2041,2010-12-01,Ohio,1,228
1843,2011-11-01,Ohio,1,227
2023,2011-01-01,Ohio,1,226
2059,2010-11-01,Ohio,1,225
2005,2011-02-01,Ohio,1,223
1861,2011-10-01,Ohio,1,220
1987,2011-03-01,Ohio,1,217
2077,2010-10-01,Ohio,1,217
1969,2011-04-01,Ohio,1,215
1951,2011-05-01,Ohio,1,210
1879,2011-09-01,Ohio,1,208
1933,2011-06-01,Ohio,1,208
2167,2010-05-01,Ohio,1,208
2095,2010-09-01,Ohio,1,206
2149,2010-06-01,Ohio,1,206
1897,2011-08-01,Ohio,1,204
1915,2011-07-01,Ohio,1,204
2113,2010-08-01,Ohio,1,203
2131,2010-07-01,Ohio,1,203
132,2019-10-01,Oklahoma,1,8996
150,2019-09-01,Oklahoma,1,8848
114,2019-11-01,Oklahoma,1,8779
240,2019-04-01,Oklahoma,1,8759
96,2019-12-01,Oklahoma,1,8709
222,2019-05-01,Oklahoma,1,8696
186,2019-07-01,Oklahoma,1,8676
168,2019-08-01,Oklahoma,1,8646
204,2019-06-01,Oklahoma,1,8634
276,2019-02-01,Oklahoma,1,8607
312,2018-12-01,Oklahoma,1,8586
258,2019-03-01,Oklahoma,1,8558
78,2020-01-01,Oklahoma,1,8508
294,2019-01-01,Oklahoma,1,8473
330,2018-11-01,Oklahoma,1,8473
348,2018-10-01,Oklahoma,1,8447
366,2018-09-01,Oklahoma,1,8437
60,2020-02-01,Oklahoma,1,8384
384,2018-08-01,Oklahoma,1,8356
42,2020-03-01,Oklahoma,1,8303
402,2018-07-01,Oklahoma,1,8155
420,2018-06-01,Oklahoma,1,8052
438,2018-05-01,Oklahoma,1,7870
24,2020-04-01,Oklahoma,1,7853
456,2018-04-01,Oklahoma,1,7836
474,2018-03-01,Oklahoma,1,7763
492,2018-02-01,Oklahoma,1,7513
528,2017-12-01,Oklahoma,1,7372
546,2017-11-01,Oklahoma,1,7334
510,2018-01-01,Oklahoma,1,7332
564,2017-10-01,Oklahoma,1,7304
582,2017-09-01,Oklahoma,1,7055
600,2017-08-01,Oklahoma,1,7040
1068,2015-06-01,Oklahoma,1,7036
1050,2015-07-01,Oklahoma,1,7028
1320,2014-04-01,Oklahoma,1,7028
6,2020-05-01,Oklahoma,1,6999
1104,2015-04-01,Oklahoma,1,6999
1248,2014-08-01,Oklahoma,1,6981
1122,2015-03-01,Oklahoma,1,6970
924,2016-02-01,Oklahoma,1,6940
1086,2015-05-01,Oklahoma,1,6924
906,2016-03-01,Oklahoma,1,6921
942,2016-01-01,Oklahoma,1,6903
1032,2015-08-01,Oklahoma,1,6888
618,2017-07-01,Oklahoma,1,6871
870,2016-05-01,Oklahoma,1,6833
816,2016-08-01,Oklahoma,1,6813
1014,2015-09-01,Oklahoma,1,6810
834,2016-07-01,Oklahoma,1,6794
636,2017-06-01,Oklahoma,1,6790
888,2016-04-01,Oklahoma,1,6784
672,2017-04-01,Oklahoma,1,6779
996,2015-10-01,Oklahoma,1,6753
798,2016-09-01,Oklahoma,1,6740
852,2016-06-01,Oklahoma,1,6736
978,2015-11-01,Oklahoma,1,6717
690,2017-03-01,Oklahoma,1,6710
654,2017-05-01,Oklahoma,1,6706
960,2015-12-01,Oklahoma,1,6700
1158,2015-01-01,Oklahoma,1,6672
1140,2015-02-01,Oklahoma,1,6669
780,2016-10-01,Oklahoma,1,6652
1266,2014-07-01,Oklahoma,1,6636
1194,2014-11-01,Oklahoma,1,6554
1212,2014-10-01,Oklahoma,1,6547
762,2016-11-01,Oklahoma,1,6512
1176,2014-12-01,Oklahoma,1,6506
1230,2014-09-01,Oklahoma,1,6505
708,2017-02-01,Oklahoma,1,6399
1284,2014-06-01,Oklahoma,1,6328
744,2016-12-01,Oklahoma,1,6304
726,2017-01-01,Oklahoma,1,6256
1356,2014-02-01,Oklahoma,1,6146
1302,2014-05-01,Oklahoma,1,6098
1392,2013-12-01,Oklahoma,1,5856
1338,2014-03-01,Oklahoma,1,5845
1626,2012-11-01,Oklahoma,1,5776
1608,2012-12-01,Oklahoma,1,5679
1644,2012-10-01,Oklahoma,1,5674
1662,2012-09-01,Oklahoma,1,5637
1680,2012-08-01,Oklahoma,1,5619
1536,2013-04-01,Oklahoma,1,5607
1698,2012-07-01,Oklahoma,1,5540
1734,2012-05-01,Oklahoma,1,5529
1518,2013-05-01,Oklahoma,1,5527
1428,2013-10-01,Oklahoma,1,5489
1446,2013-09-01,Oklahoma,1,5484
1716,2012-06-01,Oklahoma,1,5474
1374,2014-01-01,Oklahoma,1,5469
1464,2013-08-01,Oklahoma,1,5467
1482,2013-07-01,Oklahoma,1,5455
1590,2013-01-01,Oklahoma,1,5436
1752,2012-04-01,Oklahoma,1,5431
1500,2013-06-01,Oklahoma,1,5411
1410,2013-11-01,Oklahoma,1,5386
1824,2011-12-01,Oklahoma,1,5372
1806,2012-01-01,Oklahoma,1,5358
1842,2011-11-01,Oklahoma,1,5355
1878,2011-09-01,Oklahoma,1,5340
1860,2011-10-01,Oklahoma,1,5335
1788,2012-02-01,Oklahoma,1,5315
1770,2012-03-01,Oklahoma,1,5305
1896,2011-08-01,Oklahoma,1,5247
1554,2013-03-01,Oklahoma,1,5213
1932,2011-06-01,Oklahoma,1,5197
1572,2013-02-01,Oklahoma,1,5193
1914,2011-07-01,Oklahoma,1,5186
1968,2011-04-01,Oklahoma,1,5110
1950,2011-05-01,Oklahoma,1,5087
2148,2010-06-01,Oklahoma,1,5067
2166,2010-05-01,Oklahoma,1,5063
1986,2011-03-01,Oklahoma,1,5036
2130,2010-07-01,Oklahoma,1,5032
2076,2010-10-01,Oklahoma,1,5011
2094,2010-09-01,Oklahoma,1,5004
2040,2010-12-01,Oklahoma,1,5001
2022,2011-01-01,Oklahoma,1,4998
2112,2010-08-01,Oklahoma,1,4984
2058,2010-11-01,Oklahoma,1,4959
2004,2011-02-01,Oklahoma,1,4812
2087,2010-10-01,Other States,1,3520
1925,2011-07-01,Other States,1,3308
1799,2012-02-01,Other States,1,3286
2015,2011-02-01,Other States,1,3279
2051,2010-12-01,Other States,1,3264
1979,2011-04-01,Other States,1,3261
1817,2012-01-01,Other States,1,3255
1997,2011-03-01,Other States,1,3251
1835,2011-12-01,Other States,1,3220
2033,2011-01-01,Other States,1,3206
2105,2010-09-01,Other States,1,3194
1943,2011-06-01,Other States,1,3160
1781,2012-03-01,Other States,1,3158
1907,2011-08-01,Other States,1,3149
1655,2012-10-01,Other States,1,3127
1853,2011-11-01,Other States,1,3124
2069,2010-11-01,Other States,1,3122
1961,2011-05-01,Other States,1,3116
1763,2012-04-01,Other States,1,3113
2141,2010-07-01,Other States,1,3103
1637,2012-11-01,Other States,1,3083
2123,2010-08-01,Other States,1,3079
1619,2012-12-01,Other States,1,3078
1889,2011-09-01,Other States,1,3071
1673,2012-09-01,Other States,1,3070
2159,2010-06-01,Other States,1,3046
1871,2011-10-01,Other States,1,3042
2177,2010-05-01,Other States,1,3042
1691,2012-08-01,Other States,1,3039
1709,2012-07-01,Other States,1,3031
1745,2012-05-01,Other States,1,2925
1727,2012-06-01,Other States,1,2880
1601,2013-01-01,Other States,1,1943
1583,2013-02-01,Other States,1,1934
1529,2013-05-01,Other States,1,1902
1547,2013-04-01,Other States,1,1893
1511,2013-06-01,Other States,1,1880
1475,2013-08-01,Other States,1,1878
1403,2013-12-01,Other States,1,1877
1439,2013-10-01,Other States,1,1877
1565,2013-03-01,Other States,1,1872
1421,2013-11-01,Other States,1,1871
1493,2013-07-01,Other States,1,1871
1457,2013-09-01,Other States,1,1859
1313,2014-05-01,Other States,1,1762
1367,2014-02-01,Other States,1,1755
1349,2014-03-01,Other States,1,1746
1385,2014-01-01,Other States,1,1746
1241,2014-09-01,Other States,1,1739
1259,2014-08-01,Other States,1,1736
1223,2014-10-01,Other States,1,1733
1277,2014-07-01,Other States,1,1728
1295,2014-06-01,Other States,1,1728
1187,2014-12-01,Other States,1,1723
1169,2015-01-01,Other States,1,1717
1151,2015-02-01,Other States,1,1711
1205,2014-11-01,Other States,1,1702
1079,2015-06-01,Other States,1,1695
1043,2015-08-01,Other States,1,1675
1133,2015-03-01,Other States,1,1675
1061,2015-07-01,Other States,1,1673
1025,2015-09-01,Other States,1,1671
1115,2015-04-01,Other States,1,1668
1007,2015-10-01,Other States,1,1664
1097,2015-05-01,Other States,1,1664
1331,2014-04-01,Other States,1,1663
935,2016-02-01,Other States,1,1649
989,2015-11-01,Other States,1,1646
971,2015-12-01,Other States,1,1643
953,2016-01-01,Other States,1,1615
917,2016-03-01,Other States,1,1597
899,2016-04-01,Other States,1,1588
881,2016-05-01,Other States,1,1562
809,2016-09-01,Other States,1,1547
773,2016-11-01,Other States,1,1545
827,2016-08-01,Other States,1,1540
863,2016-06-01,Other States,1,1540
845,2016-07-01,Other States,1,1532
755,2016-12-01,Other States,1,1525
737,2017-01-01,Other States,1,1515
791,2016-10-01,Other States,1,1513
719,2017-02-01,Other States,1,1509
701,2017-03-01,Other States,1,1505
665,2017-05-01,Other States,1,1493
683,2017-04-01,Other States,1,1492
647,2017-06-01,Other States,1,1458
593,2017-09-01,Other States,1,1446
611,2017-08-01,Other States,1,1433
485,2018-03-01,Other States,1,1419
575,2017-10-01,Other States,1,1418
557,2017-11-01,Other States,1,1416
503,2018-02-01,Other States,1,1415
539,2017-12-01,Other States,1,1406
629,2017-07-01,Other States,1,1401
521,2018-01-01,Other States,1,1395
287,2019-02-01,Other States,1,1385
467,2018-04-01,Other States,1,1382
449,2018-05-01,Other States,1,1380
413,2018-07-01,Other States,1,1375
431,2018-06-01,Other States,1,1375
305,2019-01-01,Other States,1,1372
161,2019-09-01,Other States,1,1357
395,2018-08-01,Other States,1,1356
251,2019-04-01,Other States,1,1354
341,2018-11-01,Other States,1,1353
359,2018-10-01,Other States,1,1353
377,2018-09-01,Other States,1,1349
215,2019-06-01,Other States,1,1345
197,2019-07-01,Other States,1,1343
323,2018-12-01,Other States,1,1341
233,2019-05-01,Other States,1,1340
269,2019-03-01,Other States,1,1339
179,2019-08-01,Other States,1,1311
125,2019-11-01,Other States,1,1303
143,2019-10-01,Other States,1,1295
89,2020-01-01,Other States,1,1254
71,2020-02-01,Other States,1,1244
107,2019-12-01,Other States,1,1234
53,2020-03-01,Other States,1,1224
17,2020-05-01,Other States,1,1171
35,2020-04-01,Other States,1,1052
59,2020-02-01,Pennsylvania,1,19999
23,2020-04-01,Pennsylvania,1,19997
113,2019-11-01,Pennsylvania,1,19919
41,2020-03-01,Pennsylvania,1,19874
77,2020-01-01,Pennsylvania,1,19603
95,2019-12-01,Pennsylvania,1,19558
5,2020-05-01,Pennsylvania,1,19298
149,2019-09-01,Pennsylvania,1,19235
167,2019-08-01,Pennsylvania,1,19218
131,2019-10-01,Pennsylvania,1,19207
185,2019-07-01,Pennsylvania,1,19094
239,2019-04-01,Pennsylvania,1,18932
221,2019-05-01,Pennsylvania,1,18834
257,2019-03-01,Pennsylvania,1,18822
203,2019-06-01,Pennsylvania,1,18734
275,2019-02-01,Pennsylvania,1,18674
293,2019-01-01,Pennsylvania,1,18629
311,2018-12-01,Pennsylvania,1,18318
329,2018-11-01,Pennsylvania,1,18286
347,2018-10-01,Pennsylvania,1,17948
365,2018-09-01,Pennsylvania,1,17715
383,2018-08-01,Pennsylvania,1,17259
401,2018-07-01,Pennsylvania,1,16958
491,2018-02-01,Pennsylvania,1,16383
455,2018-04-01,Pennsylvania,1,16368
419,2018-06-01,Pennsylvania,1,16358
473,2018-03-01,Pennsylvania,1,16328
527,2017-12-01,Pennsylvania,1,16289
509,2018-01-01,Pennsylvania,1,16146
437,2018-05-01,Pennsylvania,1,16080
545,2017-11-01,Pennsylvania,1,15764
671,2017-04-01,Pennsylvania,1,14891
725,2017-01-01,Pennsylvania,1,14840
689,2017-03-01,Pennsylvania,1,14821
707,2017-02-01,Pennsylvania,1,14806
653,2017-05-01,Pennsylvania,1,14759
635,2017-06-01,Pennsylvania,1,14755
581,2017-09-01,Pennsylvania,1,14754
743,2016-12-01,Pennsylvania,1,14722
617,2017-07-01,Pennsylvania,1,14714
923,2016-02-01,Pennsylvania,1,14698
599,2017-08-01,Pennsylvania,1,14494
563,2017-10-01,Pennsylvania,1,14411
761,2016-11-01,Pennsylvania,1,14390
851,2016-06-01,Pennsylvania,1,14371
905,2016-03-01,Pennsylvania,1,14333
941,2016-01-01,Pennsylvania,1,14272
887,2016-04-01,Pennsylvania,1,14214
833,2016-07-01,Pennsylvania,1,14212
815,2016-08-01,Pennsylvania,1,14191
869,2016-05-01,Pennsylvania,1,14171
959,2015-12-01,Pennsylvania,1,13993
797,2016-09-01,Pennsylvania,1,13811
977,2015-11-01,Pennsylvania,1,13645
779,2016-10-01,Pennsylvania,1,13466
1121,2015-03-01,Pennsylvania,1,13328
1013,2015-09-01,Pennsylvania,1,13270
1139,2015-02-01,Pennsylvania,1,13244
1031,2015-08-01,Pennsylvania,1,13218
1157,2015-01-01,Pennsylvania,1,13162
995,2015-10-01,Pennsylvania,1,13137
1103,2015-04-01,Pennsylvania,1,13092
1049,2015-07-01,Pennsylvania,1,12961
1085,2015-05-01,Pennsylvania,1,12624
1067,2015-06-01,Pennsylvania,1,12562
1175,2014-12-01,Pennsylvania,1,12089
1193,2014-11-01,Pennsylvania,1,12089
1211,2014-10-01,Pennsylvania,1,12089
1229,2014-09-01,Pennsylvania,1,12089
1247,2014-08-01,Pennsylvania,1,12089
1265,2014-07-01,Pennsylvania,1,12089
1283,2014-06-01,Pennsylvania,1,11233
1301,2014-05-01,Pennsylvania,1,11233
1319,2014-04-01,Pennsylvania,1,11233
1337,2014-03-01,Pennsylvania,1,11233
1355,2014-02-01,Pennsylvania,1,11233
1373,2014-01-01,Pennsylvania,1,11233
1391,2013-12-01,Pennsylvania,1,9629
1409,2013-11-01,Pennsylvania,1,9629
1427,2013-10-01,Pennsylvania,1,9629
1445,2013-09-01,Pennsylvania,1,9629
1463,2013-08-01,Pennsylvania,1,9629
1481,2013-07-01,Pennsylvania,1,9629
1499,2013-06-01,Pennsylvania,1,8217
1517,2013-05-01,Pennsylvania,1,8217
1535,2013-04-01,Pennsylvania,1,8217
1553,2013-03-01,Pennsylvania,1,8217
1571,2013-02-01,Pennsylvania,1,8217
1589,2013-01-01,Pennsylvania,1,8217
1607,2012-12-01,Pennsylvania,1,6821
1625,2012-11-01,Pennsylvania,1,6821
1643,2012-10-01,Pennsylvania,1,6821
1661,2012-09-01,Pennsylvania,1,6821
1679,2012-08-01,Pennsylvania,1,6821
1697,2012-07-01,Pennsylvania,1,6821
1715,2012-06-01,Pennsylvania,1,5504
1733,2012-05-01,Pennsylvania,1,5504
1751,2012-04-01,Pennsylvania,1,5504
1769,2012-03-01,Pennsylvania,1,5504
1787,2012-02-01,Pennsylvania,1,5504
1805,2012-01-01,Pennsylvania,1,5504
1823,2011-12-01,Pennsylvania,1,4757
1841,2011-11-01,Pennsylvania,1,4757
1859,2011-10-01,Pennsylvania,1,4757
1877,2011-09-01,Pennsylvania,1,3685
1895,2011-08-01,Pennsylvania,1,3685
1913,2011-07-01,Pennsylvania,1,3685
1931,2011-06-01,Pennsylvania,1,3178
1949,2011-05-01,Pennsylvania,1,3178
1967,2011-04-01,Pennsylvania,1,3178
1985,2011-03-01,Pennsylvania,1,2718
2003,2011-02-01,Pennsylvania,1,2718
2021,2011-01-01,Pennsylvania,1,2718
2039,2010-12-01,Pennsylvania,1,2461
2057,2010-11-01,Pennsylvania,1,2461
2075,2010-10-01,Pennsylvania,1,2461
2093,2010-09-01,Pennsylvania,1,1779
2111,2010-08-01,Pennsylvania,1,1779
2129,2010-07-01,Pennsylvania,1,1779
2147,2010-06-01,Pennsylvania,1,1284
2165,2010-05-01,Pennsylvania,1,1284
40,2020-03-01,Texas,1,29886
76,2020-01-01,Texas,1,29714
58,2020-02-01,Texas,1,29613
130,2019-10-01,Texas,1,29583
94,2019-12-01,Texas,1,29486
148,2019-09-01,Texas,1,29279
112,2019-11-01,Texas,1,29278
166,2019-08-01,Texas,1,28768
22,2020-04-01,Texas,1,28715
184,2019-07-01,Texas,1,28188
202,2019-06-01,Texas,1,27449
220,2019-05-01,Texas,1,27262
238,2019-04-01,Texas,1,27089
256,2019-03-01,Texas,1,26967
274,2019-02-01,Texas,1,26637
4,2020-05-01,Texas,1,26393
292,2019-01-01,Texas,1,26009
310,2018-12-01,Texas,1,25897
328,2018-11-01,Texas,1,25538
346,2018-10-01,Texas,1,25246
364,2018-09-01,Texas,1,25192
382,2018-08-01,Texas,1,25005
1174,2014-12-01,Texas,1,24681
1102,2015-04-01,Texas,1,24578
400,2018-07-01,Texas,1,24502
1120,2015-03-01,Texas,1,24470
1138,2015-02-01,Texas,1,24353
1084,2015-05-01,Texas,1,24346
1048,2015-07-01,Texas,1,24331
436,2018-05-01,Texas,1,24312
1066,2015-06-01,Texas,1,24284
1192,2014-11-01,Texas,1,24210
1246,2014-08-01,Texas,1,24204
1012,2015-09-01,Texas,1,24186
1030,2015-08-01,Texas,1,24176
1210,2014-10-01,Texas,1,24171
418,2018-06-01,Texas,1,24114
1264,2014-07-01,Texas,1,24010
1228,2014-09-01,Texas,1,23983
1282,2014-06-01,Texas,1,23938
1156,2015-01-01,Texas,1,23923
994,2015-10-01,Texas,1,23857
454,2018-04-01,Texas,1,23853
1300,2014-05-01,Texas,1,23790
976,2015-11-01,Texas,1,23652
472,2018-03-01,Texas,1,23644
1318,2014-04-01,Texas,1,23560
544,2017-11-01,Texas,1,23276
490,2018-02-01,Texas,1,23195
958,2015-12-01,Texas,1,23174
526,2017-12-01,Texas,1,23090
1336,2014-03-01,Texas,1,23059
1462,2013-08-01,Texas,1,23057
1426,2013-10-01,Texas,1,23018
1480,2013-07-01,Texas,1,23017
1444,2013-09-01,Texas,1,23010
1498,2013-06-01,Texas,1,23006
922,2016-02-01,Texas,1,22988
562,2017-10-01,Texas,1,22923
1516,2013-05-01,Texas,1,22922
940,2016-01-01,Texas,1,22901
904,2016-03-01,Texas,1,22866
886,2016-04-01,Texas,1,22726
1534,2013-04-01,Texas,1,22716
1408,2013-11-01,Texas,1,22682
868,2016-05-01,Texas,1,22635
850,2016-06-01,Texas,1,22606
1660,2012-09-01,Texas,1,22584
1678,2012-08-01,Texas,1,22583
1552,2013-03-01,Texas,1,22552
1354,2014-02-01,Texas,1,22534
508,2018-01-01,Texas,1,22521
1642,2012-10-01,Texas,1,22519
1624,2012-11-01,Texas,1,22462
1372,2014-01-01,Texas,1,22458
616,2017-07-01,Texas,1,22434
1570,2013-02-01,Texas,1,22411
1696,2012-07-01,Texas,1,22379
1840,2011-11-01,Texas,1,22376
832,2016-07-01,Texas,1,22367
1390,2013-12-01,Texas,1,22347
580,2017-09-01,Texas,1,22287
1606,2012-12-01,Texas,1,22244
1822,2011-12-01,Texas,1,22244
814,2016-08-01,Texas,1,22221
1858,2011-10-01,Texas,1,22207
1732,2012-05-01,Texas,1,22161
1750,2012-04-01,Texas,1,22160
634,2017-06-01,Texas,1,22143
1714,2012-06-01,Texas,1,22124
1588,2013-01-01,Texas,1,22106
1876,2011-09-01,Texas,1,22094
1804,2012-01-01,Texas,1,21981
1948,2011-05-01,Texas,1,21970
652,2017-05-01,Texas,1,21936
1768,2012-03-01,Texas,1,21902
1786,2012-02-01,Texas,1,21890
796,2016-09-01,Texas,1,21874
598,2017-08-01,Texas,1,21873
1894,2011-08-01,Texas,1,21789
778,2016-10-01,Texas,1,21786
1912,2011-07-01,Texas,1,21746
1930,2011-06-01,Texas,1,21677
670,2017-04-01,Texas,1,21676
1966,2011-04-01,Texas,1,21660
1984,2011-03-01,Texas,1,21655
706,2017-02-01,Texas,1,21538
760,2016-11-01,Texas,1,21509
688,2017-03-01,Texas,1,21431
2038,2010-12-01,Texas,1,21361
2056,2010-11-01,Texas,1,21323
2020,2011-01-01,Texas,1,21113
724,2017-01-01,Texas,1,21006
2092,2010-09-01,Texas,1,20983
2074,2010-10-01,Texas,1,20974
742,2016-12-01,Texas,1,20971
2164,2010-05-01,Texas,1,20887
2110,2010-08-01,Texas,1,20802
2128,2010-07-01,Texas,1,20679
2146,2010-06-01,Texas,1,20598
2002,2011-02-01,Texas,1,20216
1641,2012-10-01,Utah,1,1375
1659,2012-09-01,Utah,1,1375
1695,2012-07-01,Utah,1,1370
1713,2012-06-01,Utah,1,1363
1677,2012-08-01,Utah,1,1353
1731,2012-05-01,Utah,1,1348
1767,2012-03-01,Utah,1,1341
1749,2012-04-01,Utah,1,1339
1785,2012-02-01,Utah,1,1338
1443,2013-09-01,Utah,1,1324
1461,2013-08-01,Utah,1,1320
1533,2013-04-01,Utah,1,1320
1623,2012-11-01,Utah,1,1318
1425,2013-10-01,Utah,1,1307
1515,2013-05-01,Utah,1,1301
1479,2013-07-01,Utah,1,1299
1893,2011-08-01,Utah,1,1298
1551,2013-03-01,Utah,1,1297
1497,2013-06-01,Utah,1,1295
1569,2013-02-01,Utah,1,1295
1911,2011-07-01,Utah,1,1294
1839,2011-11-01,Utah,1,1293
1947,2011-05-01,Utah,1,1290
1803,2012-01-01,Utah,1,1288
1857,2011-10-01,Utah,1,1287
1929,2011-06-01,Utah,1,1287
1317,2014-04-01,Utah,1,1286
1875,2011-09-01,Utah,1,1286
1407,2013-11-01,Utah,1,1285
1335,2014-03-01,Utah,1,1277
1281,2014-06-01,Utah,1,1276
1299,2014-05-01,Utah,1,1274
1605,2012-12-01,Utah,1,1271
1353,2014-02-01,Utah,1,1270
1965,2011-04-01,Utah,1,1269
1119,2015-03-01,Utah,1,1265
1821,2011-12-01,Utah,1,1262
1263,2014-07-01,Utah,1,1260
1101,2015-04-01,Utah,1,1254
1371,2014-01-01,Utah,1,1253
1245,2014-08-01,Utah,1,1245
1983,2011-03-01,Utah,1,1237
2163,2010-05-01,Utah,1,1234
1587,2013-01-01,Utah,1,1228
1083,2015-05-01,Utah,1,1227
1227,2014-09-01,Utah,1,1225
2145,2010-06-01,Utah,1,1216
1137,2015-02-01,Utah,1,1213
1389,2013-12-01,Utah,1,1211
1065,2015-06-01,Utah,1,1207
2073,2010-10-01,Utah,1,1207
2001,2011-02-01,Utah,1,1205
1209,2014-10-01,Utah,1,1201
2037,2010-12-01,Utah,1,1201
2091,2010-09-01,Utah,1,1200
2109,2010-08-01,Utah,1,1200
2127,2010-07-01,Utah,1,1198
1155,2015-01-01,Utah,1,1196
1191,2014-11-01,Utah,1,1196
1173,2014-12-01,Utah,1,1183
2055,2010-11-01,Utah,1,1179
1047,2015-07-01,Utah,1,1166
2019,2011-01-01,Utah,1,1162
957,2015-12-01,Utah,1,1092
939,2016-01-01,Utah,1,1087
903,2016-03-01,Utah,1,1063
921,2016-02-01,Utah,1,1061
1029,2015-08-01,Utah,1,1054
885,2016-04-01,Utah,1,1048
867,2016-05-01,Utah,1,1022
1011,2015-09-01,Utah,1,1022
975,2015-11-01,Utah,1,1016
993,2015-10-01,Utah,1,1005
849,2016-06-01,Utah,1,991
831,2016-07-01,Utah,1,980
813,2016-08-01,Utah,1,978
795,2016-09-01,Utah,1,963
777,2016-10-01,Utah,1,942
759,2016-11-01,Utah,1,929
741,2016-12-01,Utah,1,914
705,2017-02-01,Utah,1,895
723,2017-01-01,Utah,1,894
651,2017-05-01,Utah,1,889
669,2017-04-01,Utah,1,888
687,2017-03-01,Utah,1,888
633,2017-06-01,Utah,1,877
615,2017-07-01,Utah,1,854
597,2017-08-01,Utah,1,852
579,2017-09-01,Utah,1,847
471,2018-03-01,Utah,1,844
561,2017-10-01,Utah,1,837
453,2018-04-01,Utah,1,833
543,2017-11-01,Utah,1,831
489,2018-02-01,Utah,1,829
507,2018-01-01,Utah,1,824
417,2018-06-01,Utah,1,820
435,2018-05-01,Utah,1,819
525,2017-12-01,Utah,1,814
399,2018-07-01,Utah,1,811
381,2018-08-01,Utah,1,808
363,2018-09-01,Utah,1,807
327,2018-11-01,Utah,1,798
345,2018-10-01,Utah,1,786
309,2018-12-01,Utah,1,779
237,2019-04-01,Utah,1,773
291,2019-01-01,Utah,1,768
201,2019-06-01,Utah,1,767
255,2019-03-01,Utah,1,767
219,2019-05-01,Utah,1,766
273,2019-02-01,Utah,1,766
165,2019-08-01,Utah,1,758
147,2019-09-01,Utah,1,744
183,2019-07-01,Utah,1,740
93,2019-12-01,Utah,1,728
111,2019-11-01,Utah,1,728
129,2019-10-01,Utah,1,726
57,2020-02-01,Utah,1,706
75,2020-01-01,Utah,1,705
39,2020-03-01,Utah,1,703
21,2020-04-01,Utah,1,686
3,2020-05-01,Utah,1,633
2,2020-05-01,West Virginia,1,6920
56,2020-02-01,West Virginia,1,6799
20,2020-04-01,West Virginia,1,6711
38,2020-03-01,West Virginia,1,6701
74,2020-01-01,West Virginia,1,6644
92,2019-12-01,West Virginia,1,6533
110,2019-11-01,West Virginia,1,6440
128,2019-10-01,West Virginia,1,6399
146,2019-09-01,West Virginia,1,6078
164,2019-08-01,West Virginia,1,5893
182,2019-07-01,West Virginia,1,5876
200,2019-06-01,West Virginia,1,5807
236,2019-04-01,West Virginia,1,5685
218,2019-05-01,West Virginia,1,5640
254,2019-03-01,West Virginia,1,5617
272,2019-02-01,West Virginia,1,5486
308,2018-12-01,West Virginia,1,5463
326,2018-11-01,West Virginia,1,5455
290,2019-01-01,West Virginia,1,5413
344,2018-10-01,West Virginia,1,5287
362,2018-09-01,West Virginia,1,5098
380,2018-08-01,West Virginia,1,4985
434,2018-05-01,West Virginia,1,4870
416,2018-06-01,West Virginia,1,4798
524,2017-12-01,West Virginia,1,4727
470,2018-03-01,West Virginia,1,4725
542,2017-11-01,West Virginia,1,4719
488,2018-02-01,West Virginia,1,4652
398,2018-07-01,West Virginia,1,4621
452,2018-04-01,West Virginia,1,4607
506,2018-01-01,West Virginia,1,4569
560,2017-10-01,West Virginia,1,4485
578,2017-09-01,West Virginia,1,4436
596,2017-08-01,West Virginia,1,4421
614,2017-07-01,West Virginia,1,4271
632,2017-06-01,West Virginia,1,4157
650,2017-05-01,West Virginia,1,4001
740,2016-12-01,West Virginia,1,3925
812,2016-08-01,West Virginia,1,3904
758,2016-11-01,West Virginia,1,3895
794,2016-09-01,West Virginia,1,3849
830,2016-07-01,West Virginia,1,3840
1082,2015-05-01,West Virginia,1,3822
920,2016-02-01,West Virginia,1,3778
668,2017-04-01,West Virginia,1,3776
776,2016-10-01,West Virginia,1,3776
938,2016-01-01,West Virginia,1,3772
884,2016-04-01,West Virginia,1,3749
866,2016-05-01,West Virginia,1,3743
1064,2015-06-01,West Virginia,1,3730
1010,2015-09-01,West Virginia,1,3723
686,2017-03-01,West Virginia,1,3713
1100,2015-04-01,West Virginia,1,3711
1028,2015-08-01,West Virginia,1,3701
1118,2015-03-01,West Virginia,1,3673
902,2016-03-01,West Virginia,1,3668
1046,2015-07-01,West Virginia,1,3600
704,2017-02-01,West Virginia,1,3572
1154,2015-01-01,West Virginia,1,3557
1136,2015-02-01,West Virginia,1,3539
992,2015-10-01,West Virginia,1,3495
848,2016-06-01,West Virginia,1,3489
1172,2014-12-01,West Virginia,1,3474
722,2017-01-01,West Virginia,1,3468
956,2015-12-01,West Virginia,1,3436
1208,2014-10-01,West Virginia,1,3276
1190,2014-11-01,West Virginia,1,3267
974,2015-11-01,West Virginia,1,3249
1226,2014-09-01,West Virginia,1,3229
1244,2014-08-01,West Virginia,1,3083
1262,2014-07-01,West Virginia,1,2987
1280,2014-06-01,West Virginia,1,2787
1298,2014-05-01,West Virginia,1,2720
1334,2014-03-01,West Virginia,1,2648
1316,2014-04-01,West Virginia,1,2641
1352,2014-02-01,West Virginia,1,2559
1370,2014-01-01,West Virginia,1,2384
1406,2013-11-01,West Virginia,1,2355
1388,2013-12-01,West Virginia,1,2334
1460,2013-08-01,West Virginia,1,2227
1442,2013-09-01,West Virginia,1,2216
1424,2013-10-01,West Virginia,1,2191
1478,2013-07-01,West Virginia,1,2151
1496,2013-06-01,West Virginia,1,2125
1514,2013-05-01,West Virginia,1,1968
1532,2013-04-01,West Virginia,1,1800
1550,2013-03-01,West Virginia,1,1712
1622,2012-11-01,West Virginia,1,1682
1604,2012-12-01,West Virginia,1,1659
1640,2012-10-01,West Virginia,1,1654
1586,2013-01-01,West Virginia,1,1643
1568,2013-02-01,West Virginia,1,1641
1658,2012-09-01,West Virginia,1,1537
1676,2012-08-01,West Virginia,1,1523
1730,2012-05-01,West Virginia,1,1431
1712,2012-06-01,West Virginia,1,1430
1694,2012-07-01,West Virginia,1,1418
1784,2012-02-01,West Virginia,1,1355
1748,2012-04-01,West Virginia,1,1348
1802,2012-01-01,West Virginia,1,1337
1766,2012-03-01,West Virginia,1,1320
1820,2011-12-01,West Virginia,1,1214
1874,2011-09-01,West Virginia,1,1211
1856,2011-10-01,West Virginia,1,1180
1838,2011-11-01,West Virginia,1,1171
1910,2011-07-01,West Virginia,1,1135
1892,2011-08-01,West Virginia,1,1118
1928,2011-06-01,West Virginia,1,1078
1946,2011-05-01,West Virginia,1,1030
1964,2011-04-01,West Virginia,1,1016
1982,2011-03-01,West Virginia,1,976
2000,2011-02-01,West Virginia,1,935
2018,2011-01-01,West Virginia,1,884
2054,2010-11-01,West Virginia,1,754
2072,2010-10-01,West Virginia,1,751
2090,2010-09-01,West Virginia,1,738
2036,2010-12-01,West Virginia,1,737
2108,2010-08-01,West Virginia,1,730
2126,2010-07-01,West Virginia,1,729
2144,2010-06-01,West Virginia,1,727
2162,2010-05-01,West Virginia,1,717
2161,2010-05-01,Wyoming,1,6950
2107,2010-08-01,Wyoming,1,6909
1837,2011-11-01,Wyoming,1,6822
2053,2010-11-01,Wyoming,1,6821
2089,2010-09-01,Wyoming,1,6786
2125,2010-07-01,Wyoming,1,6784
2071,2010-10-01,Wyoming,1,6746
2035,2010-12-01,Wyoming,1,6685
1855,2011-10-01,Wyoming,1,6674
2143,2010-06-01,Wyoming,1,6643
1801,2012-01-01,Wyoming,1,6607
1909,2011-07-01,Wyoming,1,6586
1819,2011-12-01,Wyoming,1,6578
1963,2011-04-01,Wyoming,1,6557
2017,2011-01-01,Wyoming,1,6540
1927,2011-06-01,Wyoming,1,6516
1981,2011-03-01,Wyoming,1,6504
1873,2011-09-01,Wyoming,1,6440
1999,2011-02-01,Wyoming,1,6435
1765,2012-03-01,Wyoming,1,6424
1945,2011-05-01,Wyoming,1,6424
1783,2012-02-01,Wyoming,1,6410
1747,2012-04-01,Wyoming,1,6282
1729,2012-05-01,Wyoming,1,6190
1711,2012-06-01,Wyoming,1,6136
1891,2011-08-01,Wyoming,1,6019
1693,2012-07-01,Wyoming,1,6011
1675,2012-08-01,Wyoming,1,5960
1657,2012-09-01,Wyoming,1,5924
1531,2013-04-01,Wyoming,1,5846
1621,2012-11-01,Wyoming,1,5828
1549,2013-03-01,Wyoming,1,5816
1567,2013-02-01,Wyoming,1,5801
1495,2013-06-01,Wyoming,1,5746
1153,2015-01-01,Wyoming,1,5744
1639,2012-10-01,Wyoming,1,5743
1585,2013-01-01,Wyoming,1,5715
1423,2013-10-01,Wyoming,1,5613
1405,2013-11-01,Wyoming,1,5600
1513,2013-05-01,Wyoming,1,5596
1099,2015-04-01,Wyoming,1,5576
1477,2013-07-01,Wyoming,1,5565
1333,2014-03-01,Wyoming,1,5556
1207,2014-10-01,Wyoming,1,5541
1351,2014-02-01,Wyoming,1,5534
1459,2013-08-01,Wyoming,1,5529
1369,2014-01-01,Wyoming,1,5523
1225,2014-09-01,Wyoming,1,5510
1117,2015-03-01,Wyoming,1,5500
1189,2014-11-01,Wyoming,1,5491
1603,2012-12-01,Wyoming,1,5473
1063,2015-06-01,Wyoming,1,5472
1279,2014-06-01,Wyoming,1,5472
1171,2014-12-01,Wyoming,1,5470
973,2015-11-01,Wyoming,1,5463
991,2015-10-01,Wyoming,1,5441
1009,2015-09-01,Wyoming,1,5440
1261,2014-07-01,Wyoming,1,5438
1297,2014-05-01,Wyoming,1,5434
1315,2014-04-01,Wyoming,1,5424
1027,2015-08-01,Wyoming,1,5420
1045,2015-07-01,Wyoming,1,5401
1081,2015-05-01,Wyoming,1,5397
1135,2015-02-01,Wyoming,1,5397
955,2015-12-01,Wyoming,1,5364
1387,2013-12-01,Wyoming,1,5343
1243,2014-08-01,Wyoming,1,5316
901,2016-03-01,Wyoming,1,5291
937,2016-01-01,Wyoming,1,5271
919,2016-02-01,Wyoming,1,5209
883,2016-04-01,Wyoming,1,5190
1441,2013-09-01,Wyoming,1,5168
775,2016-10-01,Wyoming,1,5164
757,2016-11-01,Wyoming,1,5090
847,2016-06-01,Wyoming,1,5085
793,2016-09-01,Wyoming,1,5062
739,2016-12-01,Wyoming,1,4977
865,2016-05-01,Wyoming,1,4953
523,2017-12-01,Wyoming,1,4907
505,2018-01-01,Wyoming,1,4860
469,2018-03-01,Wyoming,1,4854
451,2018-04-01,Wyoming,1,4839
541,2017-11-01,Wyoming,1,4835
487,2018-02-01,Wyoming,1,4809
361,2018-09-01,Wyoming,1,4747
433,2018-05-01,Wyoming,1,4743
559,2017-10-01,Wyoming,1,4741
577,2017-09-01,Wyoming,1,4734
631,2017-06-01,Wyoming,1,4710
343,2018-10-01,Wyoming,1,4707
667,2017-04-01,Wyoming,1,4705
811,2016-08-01,Wyoming,1,4695
595,2017-08-01,Wyoming,1,4691
685,2017-03-01,Wyoming,1,4668
613,2017-07-01,Wyoming,1,4661
325,2018-11-01,Wyoming,1,4654
703,2017-02-01,Wyoming,1,4644
829,2016-07-01,Wyoming,1,4641
379,2018-08-01,Wyoming,1,4609
415,2018-06-01,Wyoming,1,4599
397,2018-07-01,Wyoming,1,4586
307,2018-12-01,Wyoming,1,4577
649,2017-05-01,Wyoming,1,4558
721,2017-01-01,Wyoming,1,4556
145,2019-09-01,Wyoming,1,4412
127,2019-10-01,Wyoming,1,4383
271,2019-02-01,Wyoming,1,4378
199,2019-06-01,Wyoming,1,4323
217,2019-05-01,Wyoming,1,4312
109,2019-11-01,Wyoming,1,4292
235,2019-04-01,Wyoming,1,4290
91,2019-12-01,Wyoming,1,4247
253,2019-03-01,Wyoming,1,4205
289,2019-01-01,Wyoming,1,4204
73,2020-01-01,Wyoming,1,4184
163,2019-08-01,Wyoming,1,4025
37,2020-03-01,Wyoming,1,3976
19,2020-04-01,Wyoming,1,3936
55,2020-02-01,Wyoming,1,3934
181,2019-07-01,Wyoming,1,3831
1,2020-05-01,Wyoming,1,3657
